team_id,team_name,school_name,city_state,region,section,competition_level,gender_division,team_page_url,wins,losses,games_scraped
rFW35tKX+F5k1VUilcf5eo+y3uR8vPeMHpD9ggaiiFM=,A La Carte-B,,"San Antonio, Texas",,,Club,Men,https://play.usaultimate.org/teams/events/Eventteam/?TeamId=rFW35tKX%2bF5k1VUilcf5eo%2by3uR8vPeMHpD9ggaiiFM%3d,0,8,9
rSru2iQVijRN3Q7DeNCkuieoQ5B0S1bd8EPah508Ih8=,Adventure Time,,"Houston, Texas",,,Club,Men,https://play.usaultimate.org/teams/events/Eventteam/?TeamId=rSru2iQVijRN3Q7DeNCkuieoQ5B0S1bd8EPah508Ih8%3d,0,0,0
qzCNfxjO0h7aKBBeTKnUtCklUSazMG7SFUgprnu1bvo=,AFC Rumble,,"Edmonton, Alberta CA",,,Club,Men,https://play.usaultimate.org/teams/events/Eventteam/?TeamId=qzCNfxjO0h7aKBBeTKnUtCklUSazMG7SFUgprnu1bvo%3d,8,5,13
dbxpmB4TIQuNyZu0GrKQvhN20/eT9ON0Be8LwXNhyaM=,Alamode,,"San Antonio, Texas",,,Club,Men,https://play.usaultimate.org/teams/events/Eventteam/?TeamId=dbxpmB4TIQuNyZu0GrKQvhN20%2feT9ON0Be8LwXNhyaM%3d,14,8,22
Aj5fiF7w/yEfoer8JKqK53VHt5FC8HNvnLkIVxh6+1w=,Alibi,,"Albany, New York",,,Club,Men,https://play.usaultimate.org/teams/events/Eventteam/?TeamId=Aj5fiF7w%2fyEfoer8JKqK53VHt5FC8HNvnLkIVxh6%2b1w%3d,14,17,31
u8COCAnqrqp+FL80rrYcxQLFWx/U4pi660VcYTLqvlc=,Alliance,,"Alabama, Alabama",,,Club,Men,https://play.usaultimate.org/teams/events/Eventteam/?TeamId=u8COCAnqrqp%2bFL80rrYcxQLFWx%2fU4pi660VcYTLqvlc%3d,11,11,22
7meABNnyTgntnsixubOujDj5e6MkIi/4SArn/eWduZs=,Alliance 2,,"Alabama, Alabama",,,Club,Men,https://play.usaultimate.org/teams/events/Eventteam/?TeamId=7meABNnyTgntnsixubOujDj5e6MkIi%2f4SArn%2feWduZs%3d,4,12,16
TXWU9QzBN9YlTvoeY2bAuahYPMkDCIxX5GabsRVJ91g=,Anchor,,"San Francisco, California",,,Club,Men,https://play.usaultimate.org/teams/events/Eventteam/?TeamId=TXWU9QzBN9YlTvoeY2bAuahYPMkDCIxX5GabsRVJ91g%3d,0,6,6
S1bLzhpnuqVfaUZelXYHYDuy6v4ovlQg3WBNa/JGtqM=,Arcane Edge,,"Sherman, New York",,,Club,Men,https://play.usaultimate.org/teams/events/Eventteam/?TeamId=S1bLzhpnuqVfaUZelXYHYDuy6v4ovlQg3WBNa%2fJGtqM%3d,0,5,5
iKighCCBsPXLBSCZa+AjOIJ/0PyycJycZNMbEOcIqLk=,Ascension,,"Sherbrooke, Quebec CA",,,Club,Men,https://play.usaultimate.org/teams/events/Eventteam/?TeamId=iKighCCBsPXLBSCZa%2bAjOIJ%2f0PyycJycZNMbEOcIqLk%3d,10,9,19
7XMB3J0hHgzXiI0qop+XDG2DGW1L+lgrbbsFYNqgM3s=,Atlanta Arson,,"Atlanta, Georgia",,,Club,Men,https://play.usaultimate.org/teams/events/Eventteam/?TeamId=7XMB3J0hHgzXiI0qop%2bXDG2DGW1L%2blgrbbsFYNqgM3s%3d,21,9,30
zapd7oVf4QDJtCU6m/VUs2wLdhGivMzWVygb8fcyM9Y=,Atlanta Outlaws,,"Atlanta, Georgia",,,Club,Men,https://play.usaultimate.org/teams/events/Eventteam/?TeamId=zapd7oVf4QDJtCU6m%2fVUs2wLdhGivMzWVygb8fcyM9Y%3d,3,12,17
oJI003j1E578asogdN4eM4YvcGkYS/LPuo6fBl88xy4=,Avenue -A,,"Seattle , Washington",,,Club,Men,https://play.usaultimate.org/teams/events/Eventteam/?TeamId=oJI003j1E578asogdN4eM4YvcGkYS%2fLPuo6fBl88xy4%3d,3,3,6
74kz2kCpP1kKdb4TbkiJXJuusrYcOvSHF6KgHqYBt7A=,BAG,,"Somerville, Massachusetts",,,Club,Men,https://play.usaultimate.org/teams/events/Eventteam/?TeamId=74kz2kCpP1kKdb4TbkiJXJuusrYcOvSHF6KgHqYBt7A%3d,13,8,21
kokKe2MCNJWNIh8IKxcdANMFpNaGLhQgPF5zt8j9Aio=,Ballpit,,"Northampton, Massachusetts",,,Club,Men,https://play.usaultimate.org/teams/events/Eventteam/?TeamId=kokKe2MCNJWNIh8IKxcdANMFpNaGLhQgPF5zt8j9Aio%3d,0,0,0
IxsH/0dJeZd5uBtAwbSfx0KPsQh6NtjxcfVZnonGKaQ=,baNC,,"Charlotte, North Carolina",,,Club,Men,https://play.usaultimate.org/teams/events/Eventteam/?TeamId=IxsH%2f0dJeZd5uBtAwbSfx0KPsQh6NtjxcfVZnonGKaQ%3d,25,6,31
gD0/XAc7IwcB7H7gkY8cOI6N+8EZVbnOLnBCh+9LDKU=,BANG,,"Burlington, Vermont",,,Club,Men,https://play.usaultimate.org/teams/events/Eventteam/?TeamId=gD0%2fXAc7IwcB7H7gkY8cOI6N%2b8EZVbnOLnBCh%2b9LDKU%3d,0,5,5
aU8vr08l3P95aa5tGjSGenw9V0s1QG26UpDH3wyh3/A=,Barefoot,,"Tupelo, Mississippi",,,Club,Men,https://play.usaultimate.org/teams/events/Eventteam/?TeamId=aU8vr08l3P95aa5tGjSGenw9V0s1QG26UpDH3wyh3%2fA%3d,3,14,17
oeX/aWEFtJAAqIac/S4r/C8x0fK5vQjbnTKPUOmhK2Q=,BARNSTORM,,"Oklahoma City, Oklahoma",,,Club,Men,https://play.usaultimate.org/teams/events/Eventteam/?TeamId=oeX%2faWEFtJAAqIac%2fS4r%2fC8x0fK5vQjbnTKPUOmhK2Q%3d,14,12,26
C9K1vcrrfyoYDFsLVjtZZKnN61uUCAfbsr0OangDnXw=,BART,,"SAN FRANCISCO, California",,,Club,Men,https://play.usaultimate.org/teams/events/Eventteam/?TeamId=C9K1vcrrfyoYDFsLVjtZZKnN61uUCAfbsr0OangDnXw%3d,3,3,6
r4dx9pE1BaOw4OgVIQkDWdH/DQc9DVNj/Z/lPv21hkI=,Bartle Boys,,"New York, New York",,,Club,Men,https://play.usaultimate.org/teams/events/Eventteam/?TeamId=r4dx9pE1BaOw4OgVIQkDWdH%2fDQc9DVNj%2fZ%2flPv21hkI%3d,0,0,0
GPRgSX/jpPQ9t/93VSXlekdBZPcLeo+nZ8muqpGST2M=,Battery,,"San Francisco, California",,,Club,Men,https://play.usaultimate.org/teams/events/Eventteam/?TeamId=GPRgSX%2fjpPQ9t%2f93VSXlekdBZPcLeo%2bnZ8muqpGST2M%3d,10,13,23
HCxh4fS1TG9TmX9nmty0yCJN+NlIi018T4Sana14f+g=,Battleship,,"Mobile, Alabama",,,Club,Men,https://play.usaultimate.org/teams/events/Eventteam/?TeamId=HCxh4fS1TG9TmX9nmty0yCJN%2bNlIi018T4Sana14f%2bg%3d,13,6,19
TrVHP8XZnxBf3t+8TMfYiOs5Q1NO7+PEUlXlv2w1fh8=,Bay Dog,,"Albany, California",,,Club,Men,https://play.usaultimate.org/teams/events/Eventteam/?TeamId=TrVHP8XZnxBf3t%2b8TMfYiOs5Q1NO7%2bPEUlXlv2w1fh8%3d,3,3,6
RpxJbCHhMEJpqCEkqBWKGpvMjIR5gOiE6x3sn92oCXU=,BDC,,"Washington , District of Columbia",,,Club,Men,https://play.usaultimate.org/teams/events/Eventteam/?TeamId=RpxJbCHhMEJpqCEkqBWKGpvMjIR5gOiE6x3sn92oCXU%3d,2,2,4
PfRSd2sdA11S1Gp35KpDpvBZwBSYfShNAn7gyb9AZhE=,Beef Depot,,"Washington, District of Columbia",,,Club,Men,https://play.usaultimate.org/teams/events/Eventteam/?TeamId=PfRSd2sdA11S1Gp35KpDpvBZwBSYfShNAn7gyb9AZhE%3d,13,14,28
/SXWTyaeRtB7g85yvYZz+W/Q23tQN6FflCSPSDm9vdY=,Beef Depot (Development)-Dev,,"Washington, District of Columbia",,,Club,Men,https://play.usaultimate.org/teams/events/Eventteam/?TeamId=%2fSXWTyaeRtB7g85yvYZz%2bW%2fQ23tQN6FflCSPSDm9vdY%3d,4,10,14
yEyLZhvJXZONCZhBOHQkYh3eV8YppHfEkGaxXKYlAVo=,BFD LaFotta,,"Bologna, Italy IT",,,Club,Men,https://play.usaultimate.org/teams/events/Eventteam/?TeamId=yEyLZhvJXZONCZhBOHQkYh3eV8YppHfEkGaxXKYlAVo%3d,2,4,6
ubUAcJ1X+Mi00LRk/Ig7ptZKnbrwfbQOLc3PvofDHbA=,"BGF SL,UT",,"San Francisco , California",,,Club,Men,https://play.usaultimate.org/teams/events/Eventteam/?TeamId=ubUAcJ1X%2bMi00LRk%2fIg7ptZKnbrwfbQOLc3PvofDHbA%3d,0,6,6
F7j4OpbZxKVZsUF140X+vHjXE2/1wD8Aq5Fz4Z19W/o=,Big Gordo's Racing,,"Burlington, Vermont",,,Club,Men,https://play.usaultimate.org/teams/events/Eventteam/?TeamId=F7j4OpbZxKVZsUF140X%2bvHjXE2%2f1wD8Aq5Fz4Z19W%2fo%3d,0,5,5
gXN9s50xnuVgwJoIoK2Kqlc+4adFociggxVn1KVVFbw=,Big Wrench,,"Somerville, Massachusetts",,,Club,Men,https://play.usaultimate.org/teams/events/Eventteam/?TeamId=gXN9s50xnuVgwJoIoK2Kqlc%2b4adFociggxVn1KVVFbw%3d,10,10,20
b6v5dB0TLDmN4AOaMOXFKHn5fnluqvI0dXE61qnh694=,Black Gold,,"Houston, Texas",,,Club,Men,https://play.usaultimate.org/teams/events/Eventteam/?TeamId=b6v5dB0TLDmN4AOaMOXFKHn5fnluqvI0dXE61qnh694%3d,7,11,18
ns/rTN90M9u7e+XL81WmjgvXWPWhRZZvChbfURUi2Xk=,Black Lung,,"Lexington, Kentucky",,,Club,Men,https://play.usaultimate.org/teams/events/Eventteam/?TeamId=ns%2frTN90M9u7e%2bXL81WmjgvXWPWhRZZvChbfURUi2Xk%3d,19,13,32
jX2ats8rtvYm5J6B1WxoW5fa/7KnXKIXWeIU6Aa+AUw=,Blackfish,,"Vancouver, British Columbia CA",,,Club,Men,https://play.usaultimate.org/teams/events/Eventteam/?TeamId=jX2ats8rtvYm5J6B1WxoW5fa%2f7KnXKIXWeIU6Aa%2bAUw%3d,5,7,12
FVMWbCDoEISIWARN96wiTDVARhEW585vXl0Q/cIqqok=,Blink,,"Whitestown, Indiana",,,Club,Men,https://play.usaultimate.org/teams/events/Eventteam/?TeamId=FVMWbCDoEISIWARN96wiTDVARhEW585vXl0Q%2fcIqqok%3d,1,5,6
36IqI7cDYSu68kANDDzyCyqbeqcHO0eQBEHveads2hY=,Bloom,,"Orlando, Florida",,,Club,Men,https://play.usaultimate.org/teams/events/Eventteam/?TeamId=36IqI7cDYSu68kANDDzyCyqbeqcHO0eQBEHveads2hY%3d,0,0,0
6gCVGAe8sM2L+D6PNMgnI9wvKZNxn2bt30aJoJaLbB0=,Blueprint,,"New York, New York",,,Club,Men,https://play.usaultimate.org/teams/events/Eventteam/?TeamId=6gCVGAe8sM2L%2bD6PNMgnI9wvKZNxn2bt30aJoJaLbB0%3d,19,10,29
bbMR76YzQ89eum9t9djv/XSkL8FPPtUoFFAHCDBOlg0=,Bobcats,,"Berkeley, California",,,Club,Men,https://play.usaultimate.org/teams/events/Eventteam/?TeamId=bbMR76YzQ89eum9t9djv%2fXSkL8FPPtUoFFAHCDBOlg0%3d,0,0,0
Xa0VyEZRJThoptGkjCNFgsKvX1+VLo0RJ3aaoQIsIqI=,Bomb Squad,,"Baltimore, Maryland",,,Club,Men,https://play.usaultimate.org/teams/events/Eventteam/?TeamId=Xa0VyEZRJThoptGkjCNFgsKvX1%2bVLo0RJ3aaoQIsIqI%3d,5,17,22
QsXsgTTt55BYkNcVfzsSzrP0Sb5e/p2bLaY45BJEPJc=,Bonsoon,,"Tempe, Arizona",,,Club,Men,https://play.usaultimate.org/teams/events/Eventteam/?TeamId=QsXsgTTt55BYkNcVfzsSzrP0Sb5e%2fp2bLaY45BJEPJc%3d,0,0,0
RD5ZcLHetbsQJZy9WUqXjxTEzf6oGH9Pm5gLA8LhVIg=,Bonzaiiiii!!,,"Austin, Texas",,,Club,Men,https://play.usaultimate.org/teams/events/Eventteam/?TeamId=RD5ZcLHetbsQJZy9WUqXjxTEzf6oGH9Pm5gLA8LhVIg%3d,6,11,18
3GXulzEBXGYOOlMeTRcFjmLtWadRy5oHI62v5FrumXA=,Brawl,,"Dallas, Texas",,,Club,Men,https://play.usaultimate.org/teams/events/Eventteam/?TeamId=3GXulzEBXGYOOlMeTRcFjmLtWadRy5oHI62v5FrumXA%3d,22,10,32
skLGkd3Z4ZIAysrGcOwddVaeIRxYhf6ijj2N6kxFIQ4=,Brown C (MotherShip)-C,,"Providence, Rhode Island",,,Club,Men,https://play.usaultimate.org/teams/events/Eventteam/?TeamId=skLGkd3Z4ZIAysrGcOwddVaeIRxYhf6ijj2N6kxFIQ4%3d,0,0,0
8nNUti99EEc9yLntEABBgxbNdZv4fRpfwYE0ZP0hdqM=,Bryce Whitney Fan Club,,"Williamsburg, Virginia",,,Club,Men,https://play.usaultimate.org/teams/events/Eventteam/?TeamId=8nNUti99EEc9yLntEABBgxbNdZv4fRpfwYE0ZP0hdqM%3d,1,3,4
hCWdYvg87P7aphNl49KoGXolsoUldOAVx13MlXqZH3U=,Bud,,"Orlando, Florida",,,Club,Men,https://play.usaultimate.org/teams/events/Eventteam/?TeamId=hCWdYvg87P7aphNl49KoGXolsoUldOAVx13MlXqZH3U%3d,1,4,5
LXGbMc4hneG0JX0lFXhbr2b8rKUFP1WwkUK/VF5fqAE=,Buffalo Frostbite,,"Buffalo, New York",,,Club,Men,https://play.usaultimate.org/teams/events/Eventteam/?TeamId=LXGbMc4hneG0JX0lFXhbr2b8rKUFP1WwkUK%2fVF5fqAE%3d,8,18,27
p+9nRXip39atsmRsJg5haP7bcV6hrrQuumSibyxaK6Y=,Bunka Shutter Buzz Bullets,,"Tokyo, Tokyo JP",,,Club,Men,https://play.usaultimate.org/teams/events/Eventteam/?TeamId=p%2b9nRXip39atsmRsJg5haP7bcV6hrrQuumSibyxaK6Y%3d,1,5,6
FIGUXPnJTQ5eUpEh3H080VsnhOmXcEfiZZTl+1+CZJ0=,Cache Valley High Ground,,"Logan, Utah",,,Club,Men,https://play.usaultimate.org/teams/events/Eventteam/?TeamId=FIGUXPnJTQ5eUpEh3H080VsnhOmXcEfiZZTl%2b1%2bCZJ0%3d,14,7,21
AeweywtM9De+hK8vu49GiJavjKUBAFeEyDfMkEuCU6s=,Carbon,,"Broomfield, Colorado",,,Club,Men,https://play.usaultimate.org/teams/events/Eventteam/?TeamId=AeweywtM9De%2bhK8vu49GiJavjKUBAFeEyDfMkEuCU6s%3d,5,19,24
FwzZdfZL7syNb9aFKbTpESxDBKEiWUKNMhKlejvYcQI=,Cash Crop 2,,"Chapel Hill, North Carolina",,,Club,Men,https://play.usaultimate.org/teams/events/Eventteam/?TeamId=FwzZdfZL7syNb9aFKbTpESxDBKEiWUKNMhKlejvYcQI%3d,4,2,6
x/9nsWsCa3G9MCCKkklbS1D4kh7I2SK/DXJuteWWePQ=,Certified Scrubs,,"Orlando, Florida",,,Club,Men,https://play.usaultimate.org/teams/events/Eventteam/?TeamId=x%2f9nsWsCa3G9MCCKkklbS1D4kh7I2SK%2fDXJuteWWePQ%3d,0,5,5
jBSIgBuq229tNTfz6nvgsyyJJsFpTlH/i8Y5hqpePwc=,Chain Lightning,,"Atlanta, Georgia",,,Club,Men,https://play.usaultimate.org/teams/events/Eventteam/?TeamId=jBSIgBuq229tNTfz6nvgsyyJJsFpTlH%2fi8Y5hqpePwc%3d,18,13,31
XbEaJYbJ5N367qqbrNwrpwqwBl7WMhhXe4Ol8fODVSE=,Charcoal,,"Amherst, Massachusetts",,,Club,Men,https://play.usaultimate.org/teams/events/Eventteam/?TeamId=XbEaJYbJ5N367qqbrNwrpwqwBl7WMhhXe4Ol8fODVSE%3d,0,0,0
V8t8U4NvMZ8RvtTmA26s5+/k9at0AzMTXvHYBtKWDbk=,Charleston Heat Stroke,,"Charleston, South Carolina",,,Club,Men,https://play.usaultimate.org/teams/events/Eventteam/?TeamId=V8t8U4NvMZ8RvtTmA26s5%2b%2fk9at0AzMTXvHYBtKWDbk%3d,10,15,25
a5W4zvsCj6c13gDi/XB+5q5Txm0d/MNZOkZP5syIe+w=,Checkmate,,"Buffalo, New York",,,Club,Men,https://play.usaultimate.org/teams/events/Eventteam/?TeamId=a5W4zvsCj6c13gDi%2fXB%2b5q5Txm0d%2fMNZOkZP5syIe%2bw%3d,0,0,0
BnU1nYQSsGjejsbvZyhH8Mm/4J0cPuus8o6Wd7jWgr4=,Chemical X,,"State College, Pennsylvania",,,Club,Men,https://play.usaultimate.org/teams/events/Eventteam/?TeamId=BnU1nYQSsGjejsbvZyhH8Mm%2f4J0cPuus8o6Wd7jWgr4%3d,2,17,19
grwQF2TqXNlqR0/TqdS+sh70DW0RMbkfjGibiCgjnYo=,Chicago Machine,,"Chicago, Illinois",,,Club,Men,https://play.usaultimate.org/teams/events/Eventteam/?TeamId=grwQF2TqXNlqR0%2fTqdS%2bsh70DW0RMbkfjGibiCgjnYo%3d,15,8,23
fVSS1zMuAG6NYdTFkeKvDmG04A9bt8rLCJuaPrr4rlk=,Chimney,,"Cleveland, Ohio",,,Club,Men,https://play.usaultimate.org/teams/events/Eventteam/?TeamId=fVSS1zMuAG6NYdTFkeKvDmG04A9bt8rLCJuaPrr4rlk%3d,15,16,31
ccTjm2eFin38R1uAXu93pCqRsJPJF68KJ55ly6M2kAw=,CITYWIDE Special,,"Philadelphia, Pennsylvania",,,Club,Men,https://play.usaultimate.org/teams/events/Eventteam/?TeamId=ccTjm2eFin38R1uAXu93pCqRsJPJF68KJ55ly6M2kAw%3d,7,7,14
3CE05W9Okow1IePW3IHRPaT/PmWpPr/4w0S7abA123s=,Clapham Ultimate,,"London, UK GB",,,Club,Men,https://play.usaultimate.org/teams/events/Eventteam/?TeamId=3CE05W9Okow1IePW3IHRPaT%2fPmWpPr%2f4w0S7abA123s%3d,1,5,6
wUqot4piZcz92OC/AMqNcrl9Kpp255CxXhIxq0ZHcmg=,Club M - Manic,,"Montreal, Quebec CA",,,Club,Men,https://play.usaultimate.org/teams/events/Eventteam/?TeamId=wUqot4piZcz92OC%2fAMqNcrl9Kpp255CxXhIxq0ZHcmg%3d,7,16,23
3rdiEYuNOEuJa8ZKBsVZ7S5h8geEva2+YS2ubHPH8Nk=,COAST,,"Vancouver, British Columbia CA",,,Club,Men,https://play.usaultimate.org/teams/events/Eventteam/?TeamId=3rdiEYuNOEuJa8ZKBsVZ7S5h8geEva2%2bYS2ubHPH8Nk%3d,2,4,6
5X7LWAarYn7kve9g+RmXPDRt/mIXmWIh7a9Qt5a45cs=,Colonels,,"Louisville, Kentucky",,,Club,Men,https://play.usaultimate.org/teams/events/Eventteam/?TeamId=5X7LWAarYn7kve9g%2bRmXPDRt%2fmIXmWIh7a9Qt5a45cs%3d,20,13,33
sth09fvpqLPaYMcV6Fojf1sxUSQYfqB1g0MQBvJdCQA=,Colt,,"Hartford, Connecticut",,,Club,Men,https://play.usaultimate.org/teams/events/Eventteam/?TeamId=sth09fvpqLPaYMcV6Fojf1sxUSQYfqB1g0MQBvJdCQA%3d,22,11,33
3XWFyr+XkwbgVzJaCk3KMXr+pXyvxGKlZ6mSovWxGd4=,Colt Pickup,,"Meriden, Connecticut",,,Club,Men,https://play.usaultimate.org/teams/events/Eventteam/?TeamId=3XWFyr%2bXkwbgVzJaCk3KMXr%2bpXyvxGKlZ6mSovWxGd4%3d,0,0,0
FkJDK1q/o9a+TA1qf51/Wv8CCUmephTVPn954qGA0SI=,Conspiracy Theory,,"Madison, Wisconsin",,,Club,Men,https://play.usaultimate.org/teams/events/Eventteam/?TeamId=FkJDK1q%2fo9a%2bTA1qf51%2fWv8CCUmephTVPn954qGA0SI%3d,3,14,17
CddWAIUhkrJmCNCuQ1zMwRwWVC96aAv+wbXgFO5Cfj8=,Cookie Mon$terz,,"$, Mississippi",,,Club,Men,https://play.usaultimate.org/teams/events/Eventteam/?TeamId=CddWAIUhkrJmCNCuQ1zMwRwWVC96aAv%2bwbXgFO5Cfj8%3d,13,6,19
JOPc2XXYX1b3WzY4xjAI41+xJkC+otMCIZUyFIyYewE=,Cowtown Cannons,,"Fort Worth, Texas",,,Club,Men,https://play.usaultimate.org/teams/events/Eventteam/?TeamId=JOPc2XXYX1b3WzY4xjAI41%2bxJkC%2botMCIZUyFIyYewE%3d,18,10,29
WB89vrYmOvS6ZmxDi0uW1jpuRTfdD827tVlGk+r89SU=,Cozy Boys,,"Austin, Texas",,,Club,Men,https://play.usaultimate.org/teams/events/Eventteam/?TeamId=WB89vrYmOvS6ZmxDi0uW1jpuRTfdD827tVlGk%2br89SU%3d,7,11,18
qJlnZjRyoa6Nyu4UVoCSyHEd7jjxRhOGsrLPDwC6me4=,Crossfire,,"Boston , Massachusetts",,,Club,Men,https://play.usaultimate.org/teams/events/Eventteam/?TeamId=qJlnZjRyoa6Nyu4UVoCSyHEd7jjxRhOGsrLPDwC6me4%3d,6,21,27
UgFBXiWqzojhQoZN6zTzuSwVfnXmyXBUsy8BQnFeUjM=,Crypt,,"Richmond, Virginia",,,Club,Men,https://play.usaultimate.org/teams/events/Eventteam/?TeamId=UgFBXiWqzojhQoZN6zTzuSwVfnXmyXBUsy8BQnFeUjM%3d,18,13,31
bsum/IN5WTMOSb/nt29PFaaTGebWIKTdR/XPYAmZNnA=,Dallas Delinquents,,"Dallas, Texas",,,Club,Men,https://play.usaultimate.org/teams/events/Eventteam/?TeamId=bsum%2fIN5WTMOSb%2fnt29PFaaTGebWIKTdR%2fXPYAmZNnA%3d,4,19,24
E1abMsFzTm7K9BEiMRz3ealNMj2JprS9hdETVau5pn0=,Dangerous Unidentified Mystical Beast,,"Madison, Wisconsin",,,Club,Men,https://play.usaultimate.org/teams/events/Eventteam/?TeamId=E1abMsFzTm7K9BEiMRz3ealNMj2JprS9hdETVau5pn0%3d,3,4,7
oiv2HJ88NJ+TyrkGP6gg/DTcrfAQW17Hx8zHqYs7CUk=,DAP LAB,,"Rochester, New York",,,Club,Men,https://play.usaultimate.org/teams/events/Eventteam/?TeamId=oiv2HJ88NJ%2bTyrkGP6gg%2fDTcrfAQW17Hx8zHqYs7CUk%3d,5,6,11
HN5P+Hu41iPb6s8nVL+sDbdQMr51S/Kz5BZB3/Zmi2E=,DAPPER,,"Rochester, New York",,,Club,Men,https://play.usaultimate.org/teams/events/Eventteam/?TeamId=HN5P%2bHu41iPb6s8nVL%2bsDbdQMr51S%2fKz5BZB3%2fZmi2E%3d,20,9,29
+/Zzwiw9XcHoRgJnTKBVFmLjKiUcinbVMc6h5QjX+oY=,Dark Star,,"Eugene, Oregon",,,Club,Men,https://play.usaultimate.org/teams/events/Eventteam/?TeamId=%2b%2fZzwiw9XcHoRgJnTKBVFmLjKiUcinbVMc6h5QjX%2boY%3d,14,12,26
wuW3grehL9ZF0EDEPCYpO21+99p4i0w25+Ve3e05Edw=,DCVIII,,"Madison , Wisconsin",,,Club,Men,https://play.usaultimate.org/teams/events/Eventteam/?TeamId=wuW3grehL9ZF0EDEPCYpO21%2b99p4i0w25%2bVe3e05Edw%3d,0,0,0
lzIVOJoYQBKsf3uE2y2/SOOZwi7J0Wrsv8odDiLBGdM=,Deaf Fruit,,"Lubbock, Texas",,,Club,Men,https://play.usaultimate.org/teams/events/Eventteam/?TeamId=lzIVOJoYQBKsf3uE2y2%2fSOOZwi7J0Wrsv8odDiLBGdM%3d,0,6,6
2ZsFE7XR8lxLHu/f5sRusLI01vBaccOLeiDOdwXWVHA=,Delco Club,,"Havertown, Pennsylvania",,,Club,Men,https://play.usaultimate.org/teams/events/Eventteam/?TeamId=2ZsFE7XR8lxLHu%2ff5sRusLI01vBaccOLeiDOdwXWVHA%3d,0,0,0
mqNKENwgyaFriDJjq/IQ3e7Do33AlXucpLajPry6V08=,DeMo,,"Des Moines, Iowa",,,Club,Men,https://play.usaultimate.org/teams/events/Eventteam/?TeamId=mqNKENwgyaFriDJjq%2fIQ3e7Do33AlXucpLajPry6V08%3d,18,15,34
jxmIzCgpOdy7e1gFuvDGB+jpHX1E0nFeKGyUj8zTH/I=,Diesel,,"Ann Arbor, Michigan",,,Club,Men,https://play.usaultimate.org/teams/events/Eventteam/?TeamId=jxmIzCgpOdy7e1gFuvDGB%2bjpHX1E0nFeKGyUj8zTH%2fI%3d,4,17,21
S9H3lRNeuxWANFfaCY1A5gyqNgBSIn4QUxl0XNe5LkY=,DiG,,"Boston, Massachusetts",,,Club,Men,https://play.usaultimate.org/teams/events/Eventteam/?TeamId=S9H3lRNeuxWANFfaCY1A5gyqNgBSIn4QUxl0XNe5LkY%3d,24,7,31
7WYTMpjRKEJEgeJcjyZVE6Q8CRWJapm+PcXc/FpDq/Q=,Digit,,"San Francisco, California",,,Club,Men,https://play.usaultimate.org/teams/events/Eventteam/?TeamId=7WYTMpjRKEJEgeJcjyZVE6Q8CRWJapm%2bPcXc%2fFpDq%2fQ%3d,4,7,11
bJD8ZnN2gyMYdv3bV25Ywa6dyf1OuGN33BGSYmAbas8=,DINGWOP,,"Duluth, Minnesota",,,Club,Men,https://play.usaultimate.org/teams/events/Eventteam/?TeamId=bJD8ZnN2gyMYdv3bV25Ywa6dyf1OuGN33BGSYmAbas8%3d,10,8,18
9tZx2T7YvezrBzUVsKvE5o9J/QfF8phn2+/NpHa/5iw=,Doublewide,,"Austin, Texas",,,Club,Men,https://play.usaultimate.org/teams/events/Eventteam/?TeamId=9tZx2T7YvezrBzUVsKvE5o9J%2fQfF8phn2%2b%2fNpHa%2f5iw%3d,11,6,17
pGupxb/ge0v2dIJ0sOF0i44nOa44Cuv9nSioPuwlwz0=,Dragonborn,,"Whiterun, Alabama",,,Club,Men,https://play.usaultimate.org/teams/events/Eventteam/?TeamId=pGupxb%2fge0v2dIJ0sOF0i44nOa44Cuv9nSioPuwlwz0%3d,0,0,0
LnAmuBdZrYEV40UjzBrcQynnSbe5aDqqRaQRx6VRBX4=,Dreadnought,,"Fayetteville, Arkansas",,,Club,Men,https://play.usaultimate.org/teams/events/Eventteam/?TeamId=LnAmuBdZrYEV40UjzBrcQynnSbe5aDqqRaQRx6VRBX4%3d,19,3,22
pUXJx6EYLaSXExEvsdeZjrDI3DZeyAkvBnLfrZzW4qs=,Dreadnought: Battleship-B,,"Fayetteville, Arkansas",,,Club,Men,https://play.usaultimate.org/teams/events/Eventteam/?TeamId=pUXJx6EYLaSXExEvsdeZjrDI3DZeyAkvBnLfrZzW4qs%3d,1,4,5
YTuRCH3vzKRM1pcnTmje00n9EgqISJuvTVeUx/75/xA=,Drought,,"Phoenix, Arizona",,,Club,Men,https://play.usaultimate.org/teams/events/Eventteam/?TeamId=YTuRCH3vzKRM1pcnTmje00n9EgqISJuvTVeUx%2f75%2fxA%3d,8,16,24
dbpyY1HUJdW/TzdcGBApw4hO289tzmW1uvr6FwapQ/s=,Dub Club,,"West Chester, Pennsylvania",,,Club,Men,https://play.usaultimate.org/teams/events/Eventteam/?TeamId=dbpyY1HUJdW%2fTzdcGBApw4hO289tzmW1uvr6FwapQ%2fs%3d,0,0,0
4qa/sNDb93nZxAwIoG22ZuM1OZ6LuGHLFFLGqO79dlw=,Dynasty,,"Cincinnati, Ohio",,,Club,Men,https://play.usaultimate.org/teams/events/Eventteam/?TeamId=4qa%2fsNDb93nZxAwIoG22ZuM1OZ6LuGHLFFLGqO79dlw%3d,0,0,0
7JuMxGzONcYAmISWbDIdOtOV41zXvwLoFtWpsg7ZTXA=,East Bay Earthworms,,"Oakland, California",,,Club,Men,https://play.usaultimate.org/teams/events/Eventteam/?TeamId=7JuMxGzONcYAmISWbDIdOtOV41zXvwLoFtWpsg7ZTXA%3d,1,10,11
dEBgwPmOaoGbaHihShGPsonNL4J2sdydh3vdwjXABnE=,El Niño,,"Fort Lauderdale, Florida",,,Club,Men,https://play.usaultimate.org/teams/events/Eventteam/?TeamId=dEBgwPmOaoGbaHihShGPsonNL4J2sdydh3vdwjXABnE%3d,12,14,26
jthUTCUaxawGsvRKCjOd4RIErwHCXMiMzKfb99ZHjiI=,ELDL,,"Lansing, Michigan",,,Club,Men,https://play.usaultimate.org/teams/events/Eventteam/?TeamId=jthUTCUaxawGsvRKCjOd4RIErwHCXMiMzKfb99ZHjiI%3d,19,12,31
d30mFJfkECgzIdGBZfVBs5JgBjMdK8HsmU+CIrpdSck=,ELE,,"Key West, Florida",,,Club,Men,https://play.usaultimate.org/teams/events/Eventteam/?TeamId=d30mFJfkECgzIdGBZfVBs5JgBjMdK8HsmU%2bCIrpdSck%3d,4,1,5
9j3ix2Jn8b4JDntfBgfvqNgzHjNpJlxMW9UvPZICWw4=,Elysium,,"Atlanta, Georgia",,,Club,Men,https://play.usaultimate.org/teams/events/Eventteam/?TeamId=9j3ix2Jn8b4JDntfBgfvqNgzHjNpJlxMW9UvPZICWw4%3d,13,9,22
i5TiLLJn3k9VIxeZ++6Ym+xzKHgXPrYR/ZpNJjUZz14=,Emu,,"Towson, Maryland",,,Club,Men,https://play.usaultimate.org/teams/events/Eventteam/?TeamId=i5TiLLJn3k9VIxeZ%2b%2b6Ym%2bxzKHgXPrYR%2fZpNJjUZz14%3d,1,3,4
6LnQ362HxTsYP1BprNlDmB2F0E9vE1m7vHZXuHaFvtU=,Endgame,,"Cincinnati, Ohio",,,Club,Men,https://play.usaultimate.org/teams/events/Eventteam/?TeamId=6LnQ362HxTsYP1BprNlDmB2F0E9vE1m7vHZXuHaFvtU%3d,14,12,26
8VkTCrfqUmNAeVclkyMsHRS7nIUVNsJ6nzhetKBmKfg=,Enigma,,"Dayton, Ohio",,,Club,Men,https://play.usaultimate.org/teams/events/Eventteam/?TeamId=8VkTCrfqUmNAeVclkyMsHRS7nIUVNsJ6nzhetKBmKfg%3d,4,14,18
dWv7srZFDnDtFdf+6Z1jom7dzZoDLJW50KbwChNU2fk=,EZ,,"Wilmington, Delaware",,,Club,Men,https://play.usaultimate.org/teams/events/Eventteam/?TeamId=dWv7srZFDnDtFdf%2b6Z1jom7dzZoDLJW50KbwChNU2fk%3d,12,14,26
Ann6hKN3s4ocMKIFoBCFnfsKLmlh5/TVgNfn++//w6k=,Fat Stacks,,"St George, Utah",,,Club,Men,https://play.usaultimate.org/teams/events/Eventteam/?TeamId=Ann6hKN3s4ocMKIFoBCFnfsKLmlh5%2fTVgNfn%2b%2b%2f%2fw6k%3d,6,12,18
LKQn0MjRdTIj4xN5340/fqzLD4t55UheOMwoy0PaU3s=,Firefall,,"Fresno, California",,,Club,Men,https://play.usaultimate.org/teams/events/Eventteam/?TeamId=LKQn0MjRdTIj4xN5340%2ffqzLD4t55UheOMwoy0PaU3s%3d,3,6,9
Zq0GGCKTxx8kRb/J1bobxuqdlaOtuKzWOeMWxhraxmY=,Float,,"Chico, California",,,Club,Men,https://play.usaultimate.org/teams/events/Eventteam/?TeamId=Zq0GGCKTxx8kRb%2fJ1bobxuqdlaOtuKzWOeMWxhraxmY%3d,0,9,9
Ua0KQ23cKkLEfNoxBQ3dY70Oz+8mTy8ny6k9OF2ojA8=,Florida Ultimate Club Krewe,,"Tampa, Florida",,,Club,Men,https://play.usaultimate.org/teams/events/Eventteam/?TeamId=Ua0KQ23cKkLEfNoxBQ3dY70Oz%2b8mTy8ny6k9OF2ojA8%3d,0,0,0
6rsRlC4Pp83MCMCMOMN0mRzomgMz7yYHLjoiLAhn+Sw=,Florida Untied,,"Ocala, Florida",,,Club,Men,https://play.usaultimate.org/teams/events/Eventteam/?TeamId=6rsRlC4Pp83MCMCMOMN0mRzomgMz7yYHLjoiLAhn%2bSw%3d,19,10,29
eaID4ilk8rt2GyVIN9jJAKnpNKz6qSPdi/CmwOVm1GY=,Flying Dutchmen,,"Columbus, Ohio",,,Club,Men,https://play.usaultimate.org/teams/events/Eventteam/?TeamId=eaID4ilk8rt2GyVIN9jJAKnpNKz6qSPdi%2fCmwOVm1GY%3d,14,13,27
iBSac2es6dtpfkfQoKycfBrsX2EUuaYqUvUWMCvGb5o=,Forge,,"Austin, Texas",,,Club,Men,https://play.usaultimate.org/teams/events/Eventteam/?TeamId=iBSac2es6dtpfkfQoKycfBrsX2EUuaYqUvUWMCvGb5o%3d,7,16,23
Q4xSbNjzuqwcfMSSttWXQ0wNyDFUOXBmjZ+HrTj3XFI=,Fort Reno Flatball Club,,"Washington, District of Columbia",,,Club,Men,https://play.usaultimate.org/teams/events/Eventteam/?TeamId=Q4xSbNjzuqwcfMSSttWXQ0wNyDFUOXBmjZ%2bHrTj3XFI%3d,2,3,5
8upsGhrKqHMbWYoGJjEOc4ThHnkY4cX22kZjopns0n4=,Forward Motion,,"St. Paul, Minnesota",,,Club,Men,https://play.usaultimate.org/teams/events/Eventteam/?TeamId=8upsGhrKqHMbWYoGJjEOc4ThHnkY4cX22kZjopns0n4%3d,2,3,6
C/XIW0IwNMPRUBhJWSpjNCjAdY76Hb6Vgq8Yny+fYwA=,Friendly Fire,,"Kansas City, Missouri",,,Club,Men,https://play.usaultimate.org/teams/events/Eventteam/?TeamId=C%2fXIW0IwNMPRUBhJWSpjNCjAdY76Hb6Vgq8Yny%2bfYwA%3d,13,18,31
7uidZQ5TgeCEDMlx+8UfvknKj512NqSzIl5U937tahM=,Fungi,,"Denver, Colorado",,,Club,Men,https://play.usaultimate.org/teams/events/Eventteam/?TeamId=7uidZQ5TgeCEDMlx%2b8UfvknKj512NqSzIl5U937tahM%3d,18,11,29
RtWL/u3PW+sGSqKOG2qzyJSyKe88hJ9pwFeMExJ1We8=,Furious George,,"Vancouver, British Columbia CA",,,Club,Men,https://play.usaultimate.org/teams/events/Eventteam/?TeamId=RtWL%2fu3PW%2bsGSqKOG2qzyJSyKe88hJ9pwFeMExJ1We8%3d,11,6,17
5UtKzpEPhDhfjL16WPcDtsuCEZrt/k36eMww0lFsU10=,Fuse,,"Milwaukee , Wisconsin",,,Club,Men,https://play.usaultimate.org/teams/events/Eventteam/?TeamId=5UtKzpEPhDhfjL16WPcDtsuCEZrt%2fk36eMww0lFsU10%3d,21,10,31
PvTKNLKjQhT877zRLElL6buBjW1LA3jjMZb/fAtTtbM=,Gambit,,"Charlotte, North Carolina",,,Club,Men,https://play.usaultimate.org/teams/events/Eventteam/?TeamId=PvTKNLKjQhT877zRLElL6buBjW1LA3jjMZb%2ffAtTtbM%3d,2,21,23
T821PTE4cyl45LNOBwDnf9OrzsZUrrBYgmgayLxb+Dc=,Gamble,,"San Marcos, Texas",,,Club,Men,https://play.usaultimate.org/teams/events/Eventteam/?TeamId=T821PTE4cyl45LNOBwDnf9OrzsZUrrBYgmgayLxb%2bDc%3d,24,2,27
S6hbxoAPxtDy5rmzOkqZyv0zWAS4oJPgceYVaUEW86g=,Gang Of Disc,,"New Orleans, Louisiana",,,Club,Men,https://play.usaultimate.org/teams/events/Eventteam/?TeamId=S6hbxoAPxtDy5rmzOkqZyv0zWAS4oJPgceYVaUEW86g%3d,11,12,23
WSS2d3V4ofi323XdNpeERJ3lzg1Au5Q5NuHZex8Ay/Q=,Garden State Ultimate,,"New Brunswick, New Jersey",,,Club,Men,https://play.usaultimate.org/teams/events/Eventteam/?TeamId=WSS2d3V4ofi323XdNpeERJ3lzg1Au5Q5NuHZex8Ay%2fQ%3d,15,18,33
eMHN4/tMw/2sWjdaCcsDshyFNBsZkJRDwyCuwjJI9o8=,General Strike,,"Winnipeg, Manitoba CA",,,Club,Men,https://play.usaultimate.org/teams/events/Eventteam/?TeamId=eMHN4%2ftMw%2f2sWjdaCcsDshyFNBsZkJRDwyCuwjJI9o8%3d,12,6,18
1jShuEVsYUBSdIIs54enPwm6WkYh/l5dlhR3inNtO34=,GOAT,,"Toronto, Ontario CA",,,Club,Men,https://play.usaultimate.org/teams/events/Eventteam/?TeamId=1jShuEVsYUBSdIIs54enPwm6WkYh%2fl5dlhR3inNtO34%3d,14,10,24
UiGX89QSQTjXmbkv9SUQzE0vUtpl1n3Llnks2NsdpAk=,Goonies,,"Minneapolis , Minnesota",,,Club,Men,https://play.usaultimate.org/teams/events/Eventteam/?TeamId=UiGX89QSQTjXmbkv9SUQzE0vUtpl1n3Llnks2NsdpAk%3d,0,0,0
DyYsvXqGVcr4hMRIKCp35HxHuBZijzX6262Y6ctAoq8=,Grand Trunk,,"Toronto, Ontario CA",,,Club,Men,https://play.usaultimate.org/teams/events/Eventteam/?TeamId=DyYsvXqGVcr4hMRIKCp35HxHuBZijzX6262Y6ctAoq8%3d,0,0,0
MS8gsVFagymzmB5WMrscf2pbbFQrorVGhzdwTeI62Oo=,Grand Trunk-A,,"Toronto, Ontario CA",,,Club,Men,https://play.usaultimate.org/teams/events/Eventteam/?TeamId=MS8gsVFagymzmB5WMrscf2pbbFQrorVGhzdwTeI62Oo%3d,0,0,0
l5BGaiznk6IYoHjv+J60mMVrZe0F91+v6kKb55YbTtM=,Green Mountain Boys,,"South Burlington, Vermont",,,Club,Men,https://play.usaultimate.org/teams/events/Eventteam/?TeamId=l5BGaiznk6IYoHjv%2bJ60mMVrZe0F91%2bv6kKb55YbTtM%3d,7,9,16
S4kCTgFLwM5E0eNMv0E3yjg9uDS6s3laxZ/Qu03unBw=,GVL Trout,,"Greenville, South Carolina",,,Club,Men,https://play.usaultimate.org/teams/events/Eventteam/?TeamId=S4kCTgFLwM5E0eNMv0E3yjg9uDS6s3laxZ%2fQu03unBw%3d,14,12,26
iyHJxVmYqrcZnjh11a4PHtGLKz6mmXKLezy+rIU3FXI=,H.I.P,,"Texas City, Texas",,,Club,Men,https://play.usaultimate.org/teams/events/Eventteam/?TeamId=iyHJxVmYqrcZnjh11a4PHtGLKz6mmXKLezy%2brIU3FXI%3d,18,5,23
zCCkYfzYmniFt0UQltM2KxaXheXugmKzNny5Uay5oxw=,Happy Valley Roofing and Mustache Supply,,"State College, Pennsylvania",,,Club,Men,https://play.usaultimate.org/teams/events/Eventteam/?TeamId=zCCkYfzYmniFt0UQltM2KxaXheXugmKzNny5Uay5oxw%3d,9,7,16
7Eed9FzJjNaQUgpwgrYDPLMvIzNzClHopsJgGXmgQXw=,happyBOISE-JV,,"Madison, Wisconsin",,,Club,Men,https://play.usaultimate.org/teams/events/Eventteam/?TeamId=7Eed9FzJjNaQUgpwgrYDPLMvIzNzClHopsJgGXmgQXw%3d,3,2,5
0QJ2KplKgDFe8dDcSPsWVz8vR8sB0Ebeu8kEUTYzVDc=,Harvest Moon,,"Cumming, Georgia",,,Club,Men,https://play.usaultimate.org/teams/events/Eventteam/?TeamId=0QJ2KplKgDFe8dDcSPsWVz8vR8sB0Ebeu8kEUTYzVDc%3d,9,8,18
mqI0h0nLUfAsqgKU6L3o/Hmbo16o2o/ZARjaomA1l1Q=,Havoc,,"Hartford, Connecticut",,,Club,Men,https://play.usaultimate.org/teams/events/Eventteam/?TeamId=mqI0h0nLUfAsqgKU6L3o%2fHmbo16o2o%2fZARjaomA1l1Q%3d,0,6,6
IMIDuNC7RP2rintB0Ru1MSrSAZ04ZhzI07HEWNnugb8=,Haymaker,,"Chicago, Illinois",,,Club,Men,https://play.usaultimate.org/teams/events/Eventteam/?TeamId=IMIDuNC7RP2rintB0Ru1MSrSAZ04ZhzI07HEWNnugb8%3d,15,14,29
MjYjeF7mGfTeAsRl/PbSgrwilIzr41FkIBzKqewpNio=,Hazard,,"Los Angeles, California",,,Club,Men,https://play.usaultimate.org/teams/events/Eventteam/?TeamId=MjYjeF7mGfTeAsRl%2fPbSgrwilIzr41FkIBzKqewpNio%3d,13,10,23
MBw3zRsk+m/74414cwjiUENj47MRUmegfIC2Guk/5aY=,Hazard,,"Pittsburgh, Pennsylvania",,,Club,Men,https://play.usaultimate.org/teams/events/Eventteam/?TeamId=MBw3zRsk%2bm%2f74414cwjiUENj47MRUmegfIC2Guk%2f5aY%3d,11,13,24
3KgLf7lqInvDAq5BZG1hgQSmb+IdEBF7aWV0W3zyxKo=,HB Woodlawn Flatball Club,,"Arlington, Virginia",,,Club,Men,https://play.usaultimate.org/teams/events/Eventteam/?TeamId=3KgLf7lqInvDAq5BZG1hgQSmb%2bIdEBF7aWV0W3zyxKo%3d,0,4,4
GD02N6HR13Nyk2lP1awlXnXrU/DN2uLP5Up0vw2Xhv8=,Heartbreak,,"Spokane, Washington",,,Club,Men,https://play.usaultimate.org/teams/events/Eventteam/?TeamId=GD02N6HR13Nyk2lP1awlXnXrU%2fDN2uLP5Up0vw2Xhv8%3d,2,13,15
ql6uWYBqdORPBBcnsqor6SPbUz1o3MRGa1j+W43YHQY=,Heatwave,,"Austin, Texas",,,Club,Men,https://play.usaultimate.org/teams/events/Eventteam/?TeamId=ql6uWYBqdORPBBcnsqor6SPbUz1o3MRGa1j%2bW43YHQY%3d,4,6,10
ryWyvvS9FkY0rLJ2puiGX68ij9FIyYwgo99wZwTxMbI=,Hex Panthers-C,,"Chattanooga, Tennessee",,,Club,Men,https://play.usaultimate.org/teams/events/Eventteam/?TeamId=ryWyvvS9FkY0rLJ2puiGX68ij9FIyYwgo99wZwTxMbI%3d,0,5,5
oqwk//xNHYcBuDx6uBJLAsCl0DMG7H20RhFuE3xwePY=,Hooch,,"Atlanta, Georgia",,,Club,Men,https://play.usaultimate.org/teams/events/Eventteam/?TeamId=oqwk%2f%2fxNHYcBuDx6uBJLAsCl0DMG7H20RhFuE3xwePY%3d,12,12,24
wCo1U/6vYXC40/V64eOTuPWU0kZbg74PqCQg80GluUE=,Houndd,,"Durham Region, Ontario CA",,,Club,Men,https://play.usaultimate.org/teams/events/Eventteam/?TeamId=wCo1U%2f6vYXC40%2fV64eOTuPWU0kZbg74PqCQg80GluUE%3d,19,5,24
hEs/wXhWo4pX7pXi9QllA7vclw4A6zo68kUwN1oUbDA=,Hydra,,"Winston-Salem, North Carolina",,,Club,Men,https://play.usaultimate.org/teams/events/Eventteam/?TeamId=hEs%2fwXhWo4pX7pXi9QllA7vclw4A6zo68kUwN1oUbDA%3d,2,3,5
iOHvZ16c0o/lSqx5Tek+ngZd0vWgjpI7U4wR4siK0vU=,I-69,,"Indianapolis, Indiana",,,Club,Men,https://play.usaultimate.org/teams/events/Eventteam/?TeamId=iOHvZ16c0o%2flSqx5Tek%2bngZd0vWgjpI7U4wR4siK0vU%3d,20,3,23
0/ROF+6pVhgdevTIj1OVHsPKIEdTuaX5lWXG0TYo5LQ=,ISO Atmo,,"Boulder, Colorado",,,Club,Men,https://play.usaultimate.org/teams/events/Eventteam/?TeamId=0%2fROF%2b6pVhgdevTIj1OVHsPKIEdTuaX5lWXG0TYo5LQ%3d,25,13,38
VXZWhs+2lOVjGG+R8ZZR1GyZ9FeFAgMinxTOoBo2Yss=,JAWN,,"Philadelphia, Pennsylvania",,,Club,Men,https://play.usaultimate.org/teams/events/Eventteam/?TeamId=VXZWhs%2b2lOVjGG%2bR8ZZR1GyZ9FeFAgMinxTOoBo2Yss%3d,0,0,0
RUwicACjCF1mtKeu7KvG8/DKkHlICjERHGfvv7NQ1qA=,Jen City Executives,,"Jen City, Washington",,,Club,Men,https://play.usaultimate.org/teams/events/Eventteam/?TeamId=RUwicACjCF1mtKeu7KvG8%2fDKkHlICjERHGfvv7NQ1qA%3d,5,0,5
rNrUqITErrkthb7F1+ufpNDKk972O4eJNCzJUpvm754=,Jiggalos,,"Philadelphia , Pennsylvania",,,Club,Men,https://play.usaultimate.org/teams/events/Eventteam/?TeamId=rNrUqITErrkthb7F1%2bufpNDKk972O4eJNCzJUpvm754%3d,0,0,0
0Gyvy5gSH/0vlHfvaVXnxDOW3XLen6VXftlArJffHOQ=,John Doe,,"Washington, District of Columbia",,,Club,Men,https://play.usaultimate.org/teams/events/Eventteam/?TeamId=0Gyvy5gSH%2f0vlHfvaVXnxDOW3XLen6VXftlArJffHOQ%3d,21,10,31
8iDepxEhbP6REvdSvF7P5/s0Rq6LzpascjIPjPWe4zk=,Johnny Bravo,,"Colorado, Colorado",,,Club,Men,https://play.usaultimate.org/teams/events/Eventteam/?TeamId=8iDepxEhbP6REvdSvF7P5%2fs0Rq6LzpascjIPjPWe4zk%3d,18,12,30
4GcrdxALef+I2k306333UvCv2v50dlr9WJbwu3MPZ1c=,Jolly Roger,,"Newport News, Virginia",,,Club,Men,https://play.usaultimate.org/teams/events/Eventteam/?TeamId=4GcrdxALef%2bI2k306333UvCv2v50dlr9WJbwu3MPZ1c%3d,1,13,14
8S1D4LrfDWLNacpi3Hyjvv5084Vwjb9+Yg9iRzngt8E=,Journeymen,,"Sunnyvale, California",,,Club,Men,https://play.usaultimate.org/teams/events/Eventteam/?TeamId=8S1D4LrfDWLNacpi3Hyjvv5084Vwjb9%2bYg9iRzngt8E%3d,3,4,7
Qc03HPFW0DdFDPdcm8P5RGsblbidZkRSZ8VVViiAs5A=,Junco,,"Portland, Oregon",,,Club,Men,https://play.usaultimate.org/teams/events/Eventteam/?TeamId=Qc03HPFW0DdFDPdcm8P5RGsblbidZkRSZ8VVViiAs5A%3d,10,14,24
uT4hRhFiH9db7oGspTk52TG2wyIk+EdgoHHUS7unvwg=,Kansas City Northern Lines,,"Gladstone, Missouri",,,Club,Men,https://play.usaultimate.org/teams/events/Eventteam/?TeamId=uT4hRhFiH9db7oGspTk52TG2wyIk%2bEdgoHHUS7unvwg%3d,3,11,14
ynvrj3CmndZS7yKnY62/pvfrJSrGUuaX0A07Wqoz+g0=,Kansas City Smokestack,,"Kansas City, Missouri",,,Club,Men,https://play.usaultimate.org/teams/events/Eventteam/?TeamId=ynvrj3CmndZS7yKnY62%2fpvfrJSrGUuaX0A07Wqoz%2bg0%3d,18,11,29
PlCTuHZyKCVCqnsngJxZAfh5Gf+AnuVx2ewUqvP5Pc8=,Kenji's BBB,,"Roseville, Minnesota",,,Club,Men,https://play.usaultimate.org/teams/events/Eventteam/?TeamId=PlCTuHZyKCVCqnsngJxZAfh5Gf%2bAnuVx2ewUqvP5Pc8%3d,3,2,5
16WiP0TgFY0e7lqkWT+7611xwuwTjh31cE2je8tbl0c=,KFC,,"Stevens Point & Fox Cities, Wisconsin",,,Club,Men,https://play.usaultimate.org/teams/events/Eventteam/?TeamId=16WiP0TgFY0e7lqkWT%2b7611xwuwTjh31cE2je8tbl0c%3d,0,0,0
OloBgRfHmKKJKZDY59Cm5EoZEKOf1y1lG6xD6FJHL7s=,Kings County Ultimate Disc Association,KCUDA,"Brooklyn, New York",,,Club,Men,https://play.usaultimate.org/teams/events/Eventteam/?TeamId=OloBgRfHmKKJKZDY59Cm5EoZEKOf1y1lG6xD6FJHL7s%3d,0,0,0
nI8zKt1wM5pGX+OSCZDAUsafX6iHVWvfX0eq/Qpq260=,Knights of Ni,,"Golden Valley, Minnesota",,,Club,Men,https://play.usaultimate.org/teams/events/Eventteam/?TeamId=nI8zKt1wM5pGX%2bOSCZDAUsafX6iHVWvfX0eq%2fQpq260%3d,16,13,29
dGJcMvPbuzSGkof6qwNyVUVEMQlXX23AUSOjXop2cl8=,L.U.T $ack,,"Lynchburg, Virginia",,,Club,Men,https://play.usaultimate.org/teams/events/Eventteam/?TeamId=dGJcMvPbuzSGkof6qwNyVUVEMQlXX23AUSOjXop2cl8%3d,10,9,19
Butki7fdsomkOxcFpij88uzH6q/IEnqh26QD7oWlLhs=,LA MAQUINA -A,,"Alexandria, Virginia",,,Club,Men,https://play.usaultimate.org/teams/events/Eventteam/?TeamId=Butki7fdsomkOxcFpij88uzH6q%2fIEnqh26QD7oWlLhs%3d,2,2,4
OWM1un91TZxgGzOgOHQZ1HzdUEdihYL3ToyeYLeZNXs=,Lake City Inversion,,"Salt Lake, Utah",,,Club,Men,https://play.usaultimate.org/teams/events/Eventteam/?TeamId=OWM1un91TZxgGzOgOHQZ1HzdUEdihYL3ToyeYLeZNXs%3d,0,4,4
fMdZEB/FP3OADRxdcPdvQNnYhxCOhtMT8Ie42pRdrus=,Lantern,,"Boston, Massachusetts",,,Club,Men,https://play.usaultimate.org/teams/events/Eventteam/?TeamId=fMdZEB%2fFP3OADRxdcPdvQNnYhxCOhtMT8Ie42pRdrus%3d,14,11,25
TOXlwBrIw/wQND+Uy5ry/T12zmOn5L9YfdoEv3DEqeU=,Lil’ Huckers,,"South Jordan, Utah",,,Club,Men,https://play.usaultimate.org/teams/events/Eventteam/?TeamId=TOXlwBrIw%2fwQND%2bUy5ry%2fT12zmOn5L9YfdoEv3DEqeU%3d,10,10,20
hDw3RzeOydpZN+VuyVwxXBgmJvJgipDKA6HUjsJolW0=,Little John,,"Arvada, Colorado",,,Club,Men,https://play.usaultimate.org/teams/events/Eventteam/?TeamId=hDw3RzeOydpZN%2bVuyVwxXBgmJvJgipDKA6HUjsJolW0%3d,4,1,5
HUNCc64a173+BcX5e0b02L9dPdWnzCmJTx22e2v+zkQ=,Little Red Wagon,,"Atlanta, Georgia",,,Club,Men,https://play.usaultimate.org/teams/events/Eventteam/?TeamId=HUNCc64a173%2bBcX5e0b02L9dPdWnzCmJTx22e2v%2bzkQ%3d,22,7,29
0/CYCXWcn5YRaMXrLqZ71y3lbdCimapV4mQvILNAnlg=,Loaded Panda,,"Cedar Falls, Iowa, Iowa",,,Club,Men,https://play.usaultimate.org/teams/events/Eventteam/?TeamId=0%2fCYCXWcn5YRaMXrLqZ71y3lbdCimapV4mQvILNAnlg%3d,9,9,18
QubcVcYYlr6EEfKRM38eNo2WjiJBxKKnin/3D4/E9es=,Long Island Riff Raff,,"Dix Hills, New York",,,Club,Men,https://play.usaultimate.org/teams/events/Eventteam/?TeamId=QubcVcYYlr6EEfKRM38eNo2WjiJBxKKnin%2f3D4%2fE9es%3d,4,13,17
inIMB+jG2SdB5V+nKpnuM8OKeNQmXBMDF1PJqw2hC+0=,Los Buds,,"Ithaca, New York",,,Club,Men,https://play.usaultimate.org/teams/events/Eventteam/?TeamId=inIMB%2bjG2SdB5V%2bnKpnuM8OKeNQmXBMDF1PJqw2hC%2b0%3d,3,3,6
Gicy+Ln5xdRq97kdsFDec4QIJOSS5cwYwSLUdjst9pM=,Lost Boys,,"Columbia, South Carolina",,,Club,Men,https://play.usaultimate.org/teams/events/Eventteam/?TeamId=Gicy%2bLn5xdRq97kdsFDec4QIJOSS5cwYwSLUdjst9pM%3d,24,6,30
Gv1BjZWjIVpwM7SspOc6tDSuGuIqc3+voFGJTUAE5mo=,Lounar,,"St. Louis, Missouri",,,Club,Men,https://play.usaultimate.org/teams/events/Eventteam/?TeamId=Gv1BjZWjIVpwM7SspOc6tDSuGuIqc3%2bvoFGJTUAE5mo%3d,19,8,27
PSyZs/GlMe1iUQoFgAVo3QjWkKL6wab6eQBegnTIjd0=,Mad Man,,"Madison, Wisconsin",,,Club,Men,https://play.usaultimate.org/teams/events/Eventteam/?TeamId=PSyZs%2fGlMe1iUQoFgAVo3QjWkKL6wab6eQBegnTIjd0%3d,0,0,0
m15q+7M+twb4IiT6s3oYD8jaTGrfm6tZffb8YOvJ35c=,Mad Men,,"Madison, Wisconsin",,,Club,Men,https://play.usaultimate.org/teams/events/Eventteam/?TeamId=m15q%2b7M%2btwb4IiT6s3oYD8jaTGrfm6tZffb8YOvJ35c%3d,23,4,27
2I39YxD+B+gs8z4Dy0Gw6NydG/g6zZoKRqbDz2gUwh8=,Magma,,"Montreal, Quebec CA",,,Club,Men,https://play.usaultimate.org/teams/events/Eventteam/?TeamId=2I39YxD%2bB%2bgs8z4Dy0Gw6NydG%2fg6zZoKRqbDz2gUwh8%3d,3,1,4
KkUOB/hoHxC0gdIMSZ3YSvaqBEVcoh9c98IP2PinQ+k=,Magma Bears,,"ALL OF NEW YORK, New York",,,Club,Men,https://play.usaultimate.org/teams/events/Eventteam/?TeamId=KkUOB%2fhoHxC0gdIMSZ3YSvaqBEVcoh9c98IP2PinQ%2bk%3d,18,11,29
1XvtrjOcMrS9U53ITMHelOhyVvlrhcPtKOqqnAdOnDk=,Magnitude (Quake)-Senior,,"Québec, Quebec CA",,,Club,Men,https://play.usaultimate.org/teams/events/Eventteam/?TeamId=1XvtrjOcMrS9U53ITMHelOhyVvlrhcPtKOqqnAdOnDk%3d,3,3,6
Eb6scXfal94Eck6AG+Hq++mYavLLXzCsaHeroOguSVc=,Make it Rain,,"Seattle, Washington",,,Club,Men,https://play.usaultimate.org/teams/events/Eventteam/?TeamId=Eb6scXfal94Eck6AG%2bHq%2b%2bmYavLLXzCsaHeroOguSVc%3d,9,15,24
pKHih1XdXpdotmkEM66+LWgbcg8HxFLsEsgiINAXKiM=,Mallard,,"Minneapolis, Minnesota",,,Club,Men,https://play.usaultimate.org/teams/events/Eventteam/?TeamId=pKHih1XdXpdotmkEM66%2bLWgbcg8HxFLsEsgiINAXKiM%3d,11,11,22
060mCHUhsb6a5zSpGC0oRd6QWHP+n12rAgpF1/+EBrY=,Mango Tree-A,,"Ann Arbor, Michigan",,,Club,Men,https://play.usaultimate.org/teams/events/Eventteam/?TeamId=060mCHUhsb6a5zSpGC0oRd6QWHP%2bn12rAgpF1%2f%2bEBrY%3d,2,4,6
u/on/CYTLWtHnddsbCbH6vs8f7NBRIfxGGZAgw5rSI4=,Maumee Boys,,"Fort Wayne, Indiana",,,Club,Men,https://play.usaultimate.org/teams/events/Eventteam/?TeamId=u%2fon%2fCYTLWtHnddsbCbH6vs8f7NBRIfxGGZAgw5rSI4%3d,5,12,17
HnEjKudUcD9buko+2BmFV/R+acGJHnZZom6hQKq5acM=,Mavericks,,"San Francisco, California",,,Club,Men,https://play.usaultimate.org/teams/events/Eventteam/?TeamId=HnEjKudUcD9buko%2b2BmFV%2fR%2bacGJHnZZom6hQKq5acM%3d,0,0,0
zRXFARE5tj9lf4nl0F0yh1g8C+gcPiuBwxSF/OnehQk=,Mayhem-Dev,,"Canton, Michigan",,,Club,Men,https://play.usaultimate.org/teams/events/Eventteam/?TeamId=zRXFARE5tj9lf4nl0F0yh1g8C%2bgcPiuBwxSF%2fOnehQk%3d,0,4,4
MNuiD+HNu4CrY6iKy7cgDwyXwCzvw5wkddAdpsiOwSA=,MBTA,,"Boston, Massachusetts",,,Club,Men,https://play.usaultimate.org/teams/events/Eventteam/?TeamId=MNuiD%2bHNu4CrY6iKy7cgDwyXwCzvw5wkddAdpsiOwSA%3d,3,10,13
klI7fVotROtfadJZDTcIypl1eb1tY6JPhRlkJIib/pA=,Mephisto,,"Montreal, Quebec CA",,,Club,Men,https://play.usaultimate.org/teams/events/Eventteam/?TeamId=klI7fVotROtfadJZDTcIypl1eb1tY6JPhRlkJIib%2fpA%3d,15,7,22
OY05PIOXpf8MxqTVelYM1FRUnNIhV7zy1mMrpfSM8u8=,Milwaukee Breaker,,"Milwaukee, Wisconsin",,,Club,Men,https://play.usaultimate.org/teams/events/Eventteam/?TeamId=OY05PIOXpf8MxqTVelYM1FRUnNIhV7zy1mMrpfSM8u8%3d,1,5,6
OiRam038q2P5euxujNKKMkQY/xuDWsCVn3qj385I+2c=,Milwaukee Revival,,"Milwaukee, Wisconsin",,,Club,Men,https://play.usaultimate.org/teams/events/Eventteam/?TeamId=OiRam038q2P5euxujNKKMkQY%2fxuDWsCVn3qj385I%2b2c%3d,0,0,0
PNgopdyqFnwzYlo5ebtJyQtMUrletgFtr9083drVjwA=,Mischief,,"Livonia, Michigan",,,Club,Men,https://play.usaultimate.org/teams/events/Eventteam/?TeamId=PNgopdyqFnwzYlo5ebtJyQtMUrletgFtr9083drVjwA%3d,13,23,36
FujD28B9G5ysyPSEFCSQTskXClwKtMWc8afOt+wti00=,MOB Ultimate,,"Baltimore, Maryland",,,Club,Men,https://play.usaultimate.org/teams/events/Eventteam/?TeamId=FujD28B9G5ysyPSEFCSQTskXClwKtMWc8afOt%2bwti00%3d,15,8,23
0ibmh2gMMrhzNODhmq08/+zz1AyeLO6L8PPKmlVi+IU=,Monsoon,,"Phoenix, Arizona",,,Club,Men,https://play.usaultimate.org/teams/events/Eventteam/?TeamId=0ibmh2gMMrhzNODhmq08%2f%2bzz1AyeLO6L8PPKmlVi%2bIU%3d,2,13,15
lo01Y86Qmckn7roOZXzTF9Inv1hzNTj4NsmketcvTII=,Mooncatchers,,"Brussels, Belgium BE",,,Club,Men,https://play.usaultimate.org/teams/events/Eventteam/?TeamId=lo01Y86Qmckn7roOZXzTF9Inv1hzNTj4NsmketcvTII%3d,4,2,6
toWyNMNXodNrblUGxsoAXWLZWcfqUF20LWL1DZjH6uo=,Motive,,"Albany, New York",,,Club,Men,https://play.usaultimate.org/teams/events/Eventteam/?TeamId=toWyNMNXodNrblUGxsoAXWLZWcfqUF20LWL1DZjH6uo%3d,5,24,29
GWWy+hH7i0SsdcC3jlpI6AQu7NuPUckeo2cqxWASvP8=,NC Brickhouse-Upper,,"Raleigh, North Carolina",,,Club,Men,https://play.usaultimate.org/teams/events/Eventteam/?TeamId=GWWy%2bhH7i0SsdcC3jlpI6AQu7NuPUckeo2cqxWASvP8%3d,6,17,23
DqAWLhzVfxKbnT8lY6/sjeKOXPBLO2o08Bo3/g+M1Jo=,New Jersey Gemini,,"Montclair, New Jersey",,,Club,Men,https://play.usaultimate.org/teams/events/Eventteam/?TeamId=DqAWLhzVfxKbnT8lY6%2fsjeKOXPBLO2o08Bo3%2fg%2bM1Jo%3d,12,12,24
8xd5FetAy0FD6rE+bdBC5v/Sujqz2ZvM5CoNPk/y/PQ=,Nighthawk,,"Phoenix, Arizona",,,Club,Men,https://play.usaultimate.org/teams/events/Eventteam/?TeamId=8xd5FetAy0FD6rE%2bbdBC5v%2fSujqz2ZvM5CoNPk%2fy%2fPQ%3d,14,10,24
6KBPU17UMzdensS8099NqSgTuZVQPqoPVZ10aIpM+o4=,Nocturnal,,"Nashville, Tennessee",,,Club,Men,https://play.usaultimate.org/teams/events/Eventteam/?TeamId=6KBPU17UMzdensS8099NqSgTuZVQPqoPVZ10aIpM%2bo4%3d,5,13,19
rmk6CopPL7An3KnSJg/hSC2XwFs3DzX2yZcvRfdugAI=,NOMAD,,"Edina / St. Louis Park , Minnesota",,,Club,Men,https://play.usaultimate.org/teams/events/Eventteam/?TeamId=rmk6CopPL7An3KnSJg%2fhSC2XwFs3DzX2yZcvRfdugAI%3d,7,15,23
szgI1ZzQQVrXx9UPa9FBQVXJwtOFaqbt19K0X21XoWE=,Nomads,,"Sioux Falls, South Dakota",,,Club,Men,https://play.usaultimate.org/teams/events/Eventteam/?TeamId=szgI1ZzQQVrXx9UPa9FBQVXJwtOFaqbt19K0X21XoWE%3d,12,17,29
4DzuskGh+w04kfjfhKEd0YNNYaq3/T/v+UO8VyVXpXE=,NOx,,"Kansas City, Missouri",,,Club,Men,https://play.usaultimate.org/teams/events/Eventteam/?TeamId=4DzuskGh%2bw04kfjfhKEd0YNNYaq3%2fT%2fv%2bUO8VyVXpXE%3d,16,16,32
CYeciPPVMjNB00SCjYSnjc+KGoW8aca1FEuV4JleTvE=,Oak Grove Boys,,"ARLINGTON, Virginia",,,Club,Men,https://play.usaultimate.org/teams/events/Eventteam/?TeamId=CYeciPPVMjNB00SCjYSnjc%2bKGoW8aca1FEuV4JleTvE%3d,15,15,30
Gu08odWK5f6QwVDblbS6kDV/SkWTodKIGTyMHHnBARY=,Oakay,,"Raleigh, North Carolina",,,Club,Men,https://play.usaultimate.org/teams/events/Eventteam/?TeamId=Gu08odWK5f6QwVDblbS6kDV%2fSkWTodKIGTyMHHnBARY%3d,0,0,0
bGT1BmxMe/CmP6wF6Iwp4nsiV2+0AECT4JgoJibBsEU=,OAT,,"East Bay , California",,,Club,Men,https://play.usaultimate.org/teams/events/Eventteam/?TeamId=bGT1BmxMe%2fCmP6wF6Iwp4nsiV2%2b0AECT4JgoJibBsEU%3d,20,8,28
BfKwEWXPyV7JF2l0BRbZGDrXfE6LxiSROuCgSx15vsg=,OC Crows,,"Irvine, California",,,Club,Men,https://play.usaultimate.org/teams/events/Eventteam/?TeamId=BfKwEWXPyV7JF2l0BRbZGDrXfE6LxiSROuCgSx15vsg%3d,11,6,17
guuBoIyo7uvA3bGFv5mHqkgktNvn5LbbN2n/38XETV0=,Odyssey,,"Medford , Massachusetts",,,Club,Men,https://play.usaultimate.org/teams/events/Eventteam/?TeamId=guuBoIyo7uvA3bGFv5mHqkgktNvn5LbbN2n%2f38XETV0%3d,15,11,26
vqHvJvJh8UNvMsSvmZ0MhQALuOVcvErzxzqiDacQod8=,Old & Nasti,,"Chattanooga, Tennessee",,,Club,Men,https://play.usaultimate.org/teams/events/Eventteam/?TeamId=vqHvJvJh8UNvMsSvmZ0MhQALuOVcvErzxzqiDacQod8%3d,3,3,6
c//dGsG57d1Zby9kivIz7kKNDEhr0DZkpThF5uE3r2s=,Omen,,"Cincinnati, Ohio",,,Club,Men,https://play.usaultimate.org/teams/events/Eventteam/?TeamId=c%2f%2fdGsG57d1Zby9kivIz7kKNDEhr0DZkpThF5uE3r2s%3d,0,0,0
b+Lvqjp7TFM3ZjYUwPEalRtF41g85CPMvh2Fd01uyZM=,On Ramp,,"Indianapolis, Indiana",,,Club,Men,https://play.usaultimate.org/teams/events/Eventteam/?TeamId=b%2bLvqjp7TFM3ZjYUwPEalRtF41g85CPMvh2Fd01uyZM%3d,8,7,15
MAKntZ8qR763NOTmSBMa1deH3JmOVUGeefeiaysT1t4=,OPE,,"Minneapolis, Minnesota",,,Club,Men,https://play.usaultimate.org/teams/events/Eventteam/?TeamId=MAKntZ8qR763NOTmSBMa1deH3JmOVUGeefeiaysT1t4%3d,12,16,28
ehg6gEF5VJrbwCg4KUvrP16QvYCV72JZLiop8/fcG64=,Parking Lot,,"Indianapolis, Indiana",,,Club,Men,https://play.usaultimate.org/teams/events/Eventteam/?TeamId=ehg6gEF5VJrbwCg4KUvrP16QvYCV72JZLiop8%2ffcG64%3d,0,0,0
/zz0Ku/1ys2E1MaU42Kh5Kz0nVmCrIwPT/y0/e+SIBI=,Parkland - PLU Alumni,,"Parkland, Washington",,,Club,Men,https://play.usaultimate.org/teams/events/Eventteam/?TeamId=%2fzz0Ku%2f1ys2E1MaU42Kh5Kz0nVmCrIwPT%2fy0%2fe%2bSIBI%3d,5,1,6
MTkGx0CbvEZH93Kv4jv2OF87/my521cm32HFS4JmMYY=,PARLAY,,"Charlotte, North Carolina",,,Club,Men,https://play.usaultimate.org/teams/events/Eventteam/?TeamId=MTkGx0CbvEZH93Kv4jv2OF87%2fmy521cm32HFS4JmMYY%3d,5,17,22
altqU3sRAD7Dk8UNjO4ZjqYht5/e2CZezZgOGaqpdsg=,Pepper-A,,"Salt Lake City, Utah",,,Club,Men,https://play.usaultimate.org/teams/events/Eventteam/?TeamId=altqU3sRAD7Dk8UNjO4ZjqYht5%2fe2CZezZgOGaqpdsg%3d,0,0,0
GDwt+Bz7ppK2IuU63E8eI1MEsDSNHXyhdonYV/KdHnc=,Phantom,,"Philadelphia , Pennsylvania",,,Club,Men,https://play.usaultimate.org/teams/events/Eventteam/?TeamId=GDwt%2bBz7ppK2IuU63E8eI1MEsDSNHXyhdonYV%2fKdHnc%3d,0,0,0
GIHgzND/q3X58rLpR4GWTfbAqKizJztLMgmM7UeIE8U=,Philadelphia Pacmen,,"Philadelphia, Pennsylvania",,,Club,Men,https://play.usaultimate.org/teams/events/Eventteam/?TeamId=GIHgzND%2fq3X58rLpR4GWTfbAqKizJztLMgmM7UeIE8U%3d,21,8,29
hwgr1wUjX9pbAw6cAuHgnlR5iVcRPOj/6j5DzFYbYHA=,Philadelphia Pacmen Tryouts,,"Philadelphia, Pennsylvania",,,Club,Men,https://play.usaultimate.org/teams/events/Eventteam/?TeamId=hwgr1wUjX9pbAw6cAuHgnlR5iVcRPOj%2f6j5DzFYbYHA%3d,0,0,0
aEB4M6tF5FlrpJDy0f5a+wLrt8BtQCLMSeaaOoDlqaM=,Phoenix,,"Ottawa, ON, Ontario CA",,,Club,Men,https://play.usaultimate.org/teams/events/Eventteam/?TeamId=aEB4M6tF5FlrpJDy0f5a%2bwLrt8BtQCLMSeaaOoDlqaM%3d,19,6,25
NkT2yrNopB0UqAMUX0salQYVbseMgRnKtdg1ktLZYHI=,PHX Sprout,,"Phoenix, Arizona",,,Club,Men,https://play.usaultimate.org/teams/events/Eventteam/?TeamId=NkT2yrNopB0UqAMUX0salQYVbseMgRnKtdg1ktLZYHI%3d,1,5,6
LQievMHFM8FzWNSQIXxMunG+7GRcZ5NyD+RQulD27hc=,Pineapple,,"Cambridge, Massachusetts",,,Club,Men,https://play.usaultimate.org/teams/events/Eventteam/?TeamId=LQievMHFM8FzWNSQIXxMunG%2b7GRcZ5NyD%2bRQulD27hc%3d,0,6,6
2LbAxsS0sI9fB6ckYYT8gIFc5V4I9wgn6Fn/HkApJQQ=,Pittsburgh Stealers,,"Pittsburgh, Pennsylvania",,,Club,Men,https://play.usaultimate.org/teams/events/Eventteam/?TeamId=2LbAxsS0sI9fB6ckYYT8gIFc5V4I9wgn6Fn%2fHkApJQQ%3d,13,15,28
RXcxZH+mHmh03Q7aL4qc88aiGUoS1ypRUBav2NEZJWc=,Pittsburgh Temper,,"Pittsburgh, Pennsylvania",,,Club,Men,https://play.usaultimate.org/teams/events/Eventteam/?TeamId=RXcxZH%2bmHmh03Q7aL4qc88aiGUoS1ypRUBav2NEZJWc%3d,18,5,23
oENSI1PTBp7182jg7UdwLFJMJnCN8LDimhmmz/kdZXU=,Players Into Serious Sports,,"Tampa, Florida",,,Club,Men,https://play.usaultimate.org/teams/events/Eventteam/?TeamId=oENSI1PTBp7182jg7UdwLFJMJnCN8LDimhmmz%2fkdZXU%3d,1,13,14
Zr9FDupiM05ZWX/hFysK5sU2WTGZPVqDH6ysl0fGNTA=,PoNY,,"New York, New York",,,Club,Men,https://play.usaultimate.org/teams/events/Eventteam/?TeamId=Zr9FDupiM05ZWX%2fhFysK5sU2WTGZPVqDH6ysl0fGNTA%3d,22,8,30
YBhGpdp75JcLORMuVAEun2n/psvuRlysZ4N4R3mbo+8=,Popperton Ultimate Frisbee,,"Rose Park, Utah",,,Club,Men,https://play.usaultimate.org/teams/events/Eventteam/?TeamId=YBhGpdp75JcLORMuVAEun2n%2fpsvuRlysZ4N4R3mbo%2b8%3d,2,1,3
rnIF4MDWBrppl79FbNT9SwT9le/gG71I8kQ/UWrN9+4=,Portland TremOR,,"Portland, Oregon",,,Club,Men,https://play.usaultimate.org/teams/events/Eventteam/?TeamId=rnIF4MDWBrppl79FbNT9SwT9le%2fgG71I8kQ%2fUWrN9%2b4%3d,14,10,24
QbwublT1goff319WwwB4df71MVdPdP+CAZDbgvCW62I=,PowderHogs,,"Salt Lake City, Utah",,,Club,Men,https://play.usaultimate.org/teams/events/Eventteam/?TeamId=QbwublT1goff319WwwB4df71MVdPdP%2bCAZDbgvCW62I%3d,19,8,27
gW5a1kZ5ZyNv6Ydos8z6ji6yYHsQlILf9T3votLAKkY=,Power Point Ultimate,,"Augusta, Georgia",,,Club,Men,https://play.usaultimate.org/teams/events/Eventteam/?TeamId=gW5a1kZ5ZyNv6Ydos8z6ji6yYHsQlILf9T3votLAKkY%3d,0,0,0
zmM1HchFzGh7YBr8HHWZvBxIicGQZcTk5AuOX/La1Bo=,Powerline,,"Springfield , Missouri",,,Club,Men,https://play.usaultimate.org/teams/events/Eventteam/?TeamId=zmM1HchFzGh7YBr8HHWZvBxIicGQZcTk5AuOX%2fLa1Bo%3d,0,5,5
66tgMFH7HLd6L9ewG3zeEFq6kD75PsHk+aZm5v9gGo4=,Prism,,"Golden Triangle, Mississippi",,,Club,Men,https://play.usaultimate.org/teams/events/Eventteam/?TeamId=66tgMFH7HLd6L9ewG3zeEFq6kD75PsHk%2baZm5v9gGo4%3d,0,10,10
u639SIr0Y8DZaV2XyWYmN//5s3NgNGzrQNDasVLC5rY=,Psychedelic,,"Jacksonville, Florida",,,Club,Men,https://play.usaultimate.org/teams/events/Eventteam/?TeamId=u639SIr0Y8DZaV2XyWYmN%2f%2f5s3NgNGzrQNDasVLC5rY%3d,11,13,24
jpwWj5zU4nlCNpYgAognROQY5hMabqcxJP/HXLWGY7M=,Puppies,,"OAKLAND, Pennsylvania",,,Club,Men,https://play.usaultimate.org/teams/events/Eventteam/?TeamId=jpwWj5zU4nlCNpYgAognROQY5hMabqcxJP%2fHXLWGY7M%3d,2,4,6
QABNbJnY0KRE9Z/KUSSC9TUIOMhdvKV1kuyxvzEsbso=,Puzzles,,"DC, District of Columbia",,,Club,Men,https://play.usaultimate.org/teams/events/Eventteam/?TeamId=QABNbJnY0KRE9Z%2fKUSSC9TUIOMhdvKV1kuyxvzEsbso%3d,3,2,5
//7i8IbCAu0PIWMuGJmlqqwckr5VVL6reTIqxmF35kc=,Queen City Kings,,"Charlotte, North Carolina",,,Club,Men,https://play.usaultimate.org/teams/events/Eventteam/?TeamId=%2f%2f7i8IbCAu0PIWMuGJmlqqwckr5VVL6reTIqxmF35kc%3d,12,10,23
2kt7sCCYpgf07KudAIrV+tT1oV9v+GfSiFl4AzfCyoI=,R&D,,"Shoreline Trail, Utah",,,Club,Men,https://play.usaultimate.org/teams/events/Eventteam/?TeamId=2kt7sCCYpgf07KudAIrV%2btT1oV9v%2bGfSiFl4AzfCyoI%3d,1,9,10
RbKWjnA9OSKmtLt568yckJGu+BBLdCgnb+KPY9Xb8DU=,Raleigh-Durham United,,"Raleigh, North Carolina",,,Club,Men,https://play.usaultimate.org/teams/events/Eventteam/?TeamId=RbKWjnA9OSKmtLt568yckJGu%2bBBLdCgnb%2bKPY9Xb8DU%3d,16,8,24
0Z6iQ8KuUrH9od3ub3j4Gmjwk3rqSxMWhJFc9qhJ1uI=,Rawhide,,"Tulsa, Oklahoma",,,Club,Men,https://play.usaultimate.org/teams/events/Eventteam/?TeamId=0Z6iQ8KuUrH9od3ub3j4Gmjwk3rqSxMWhJFc9qhJ1uI%3d,7,11,18
IMRZhR46UYTU3tJmGR45OHCIbo1pCwxGsQhW/1p2Veo=,Rebels,,"Haddonfield, New Jersey",,,Club,Men,https://play.usaultimate.org/teams/events/Eventteam/?TeamId=IMRZhR46UYTU3tJmGR45OHCIbo1pCwxGsQhW%2f1p2Veo%3d,16,12,28
qJ4BEcFkb+jCbf3rkL55H3c5X8lMb9AtWEyRCoUWAu4=,Red Circus,,"Halifax, Nova Scotia CA",,,Club,Men,https://play.usaultimate.org/teams/events/Eventteam/?TeamId=qJ4BEcFkb%2bjCbf3rkL55H3c5X8lMb9AtWEyRCoUWAu4%3d,0,0,0
URUTSwvb0NJ/medTkD1dTA6yYozAw41+6Vgm64+YOOo=,Red Lotus,,"Boulder, Colorado",,,Club,Men,https://play.usaultimate.org/teams/events/Eventteam/?TeamId=URUTSwvb0NJ%2fmedTkD1dTA6yYozAw41%2b6Vgm64%2bYOOo%3d,13,11,24
l1Fbpb9Pse3YUTWm/t+pMibjPiPxOSobt/Bi0jJdwSw=,Red Tide,,"Portland, Maine",,,Club,Men,https://play.usaultimate.org/teams/events/Eventteam/?TeamId=l1Fbpb9Pse3YUTWm%2ft%2bpMibjPiPxOSobt%2fBi0jJdwSw%3d,23,13,36
i5BkQKT1J8H/DYT7RXHLNIxdR/RWKdrw5Sdh3lK59Io=,Resurgam,,"Freeport, Maine",,,Club,Men,https://play.usaultimate.org/teams/events/Eventteam/?TeamId=i5BkQKT1J8H%2fDYT7RXHLNIxdR%2fRWKdrw5Sdh3lK59Io%3d,0,0,0
LGYbqQXvSNskqWPlcGPxDT/SZ24YjHf7g4pTxHI6Gvg=,Resurgam Ultimate,,"North Yarmouth, Maine",,,Club,Men,https://play.usaultimate.org/teams/events/Eventteam/?TeamId=LGYbqQXvSNskqWPlcGPxDT%2fSZ24YjHf7g4pTxHI6Gvg%3d,8,14,22
sQni7tlKwtHmjN7rpwVnkyQWtL44z3zRQnw9+sgP8+8=,Revolt,,"Evesham, New Jersey",,,Club,Men,https://play.usaultimate.org/teams/events/Eventteam/?TeamId=sQni7tlKwtHmjN7rpwVnkyQWtL44z3zRQnw9%2bsgP8%2b8%3d,2,6,8
VQkaXxixcfssyhYosv/xwLXh4xUE+17ppPQ715Gq9P4=,Revolver,,"San Francisco, California",,,Club,Men,https://play.usaultimate.org/teams/events/Eventteam/?TeamId=VQkaXxixcfssyhYosv%2fxwLXh4xUE%2b17ppPQ715Gq9P4%3d,27,1,28
24pw0U/1F89X0odznDmkMBZklojDfeLMV+KI7wvZQ64=,Reál Hogs FC-B,,"North Salt Lake, Utah",,,Club,Men,https://play.usaultimate.org/teams/events/Eventteam/?TeamId=24pw0U%2f1F89X0odznDmkMBZklojDfeLMV%2bKI7wvZQ64%3d,2,16,18
aBjenKJjw6WrJF8jxNLLh9s7t5Mapd/VUvWzgnObzFU=,Rhino,,"Portland, Oregon",,,Club,Men,https://play.usaultimate.org/teams/events/Eventteam/?TeamId=aBjenKJjw6WrJF8jxNLLh9s7t5Mapd%2fVUvWzgnObzFU%3d,22,12,34
e2K0owIFCu0SXTY0zDa4VGf35nKkn5gBjKC9aFlVpPw=,Richmond Jokers,,"Richmond, British Columbia CA",,,Club,Men,https://play.usaultimate.org/teams/events/Eventteam/?TeamId=e2K0owIFCu0SXTY0zDa4VGf35nKkn5gBjKC9aFlVpPw%3d,0,0,0
BU038Z5SvGkjRkTDqXa/C8pzRAsU/uDDEYC+RshT0Y0=,Ring of Fire,,"Raleigh, North Carolina",,,Club,Men,https://play.usaultimate.org/teams/events/Eventteam/?TeamId=BU038Z5SvGkjRkTDqXa%2fC8pzRAsU%2fuDDEYC%2bRshT0Y0%3d,17,8,25
BT2qJtOhgofcIn/0ANas1C8CwrnvhAEpUJ5HHM7haws=,Riptide-B,,"Chicago , Illinois",,,Club,Men,https://play.usaultimate.org/teams/events/Eventteam/?TeamId=BT2qJtOhgofcIn%2f0ANas1C8CwrnvhAEpUJ5HHM7haws%3d,1,10,11
4SUexT8+Td+fkatE78VEq1+Mc2uu3rYBLACrFUX0Rjk=,Riverside,,"Austin, Texas",,,Club,Men,https://play.usaultimate.org/teams/events/Eventteam/?TeamId=4SUexT8%2bTd%2bfkatE78VEq1%2bMc2uu3rYBLACrFUX0Rjk%3d,12,12,24
CvLGVU2y+eE6+JzYCflOQqpbUEDnYSc8soVs5Pnqbh0=,Riverside Riptide,,"Riverside, Rhode Island",,,Club,Men,https://play.usaultimate.org/teams/events/Eventteam/?TeamId=CvLGVU2y%2beE6%2bJzYCflOQqpbUEDnYSc8soVs5Pnqbh0%3d,2,4,6
74euPVQkEemjIXbFE3XBVJ8i0Vl4EcOdwBkWl8RuUEQ=,Romulus,,"Rome, Georgia",,,Club,Men,https://play.usaultimate.org/teams/events/Eventteam/?TeamId=74euPVQkEemjIXbFE3XBVJ8i0Vl4EcOdwBkWl8RuUEQ%3d,4,12,16
YaNnaSP/Tig9EGoecbbCjrkj5i4AK93PHPaDlNQALrE=,Ronin,,"Madison, Alabama",,,Club,Men,https://play.usaultimate.org/teams/events/Eventteam/?TeamId=YaNnaSP%2fTig9EGoecbbCjrkj5i4AK93PHPaDlNQALrE%3d,6,5,11
MQbkrzcu1YT9K4sJ5ZYtdO5bWjPOvRN4pK+Xma/9LVA=,Rotisserie Chicken,,"Cincinnati, Ohio",,,Club,Men,https://play.usaultimate.org/teams/events/Eventteam/?TeamId=MQbkrzcu1YT9K4sJ5ZYtdO5bWjPOvRN4pK%2bXma%2f9LVA%3d,1,4,5
sjSdpHk8Whza8qkx+ZDkWrg7L2i9hgiSe1J62ZF+3iw=,Roundhouse,,"Chicago, Illinois",,,Club,Men,https://play.usaultimate.org/teams/events/Eventteam/?TeamId=sjSdpHk8Whza8qkx%2bZDkWrg7L2i9hgiSe1J62ZF%2b3iw%3d,14,9,23
yR0XpTFPazD41FdB5fzfW89kwPv/hrd9QLkKTejUa0k=,Rubicon Rapids,,"Hartford, Wisconsin",,,Club,Men,https://play.usaultimate.org/teams/events/Eventteam/?TeamId=yR0XpTFPazD41FdB5fzfW89kwPv%2fhrd9QLkKTejUa0k%3d,6,12,18
M2QKPWCMXBCOkCLUxZ3vd056+qJ973SzYnP+3IWFYE0=,Rugrat Knights-A,,"New Brunswick, New Jersey",,,Club,Men,https://play.usaultimate.org/teams/events/Eventteam/?TeamId=M2QKPWCMXBCOkCLUxZ3vd056%2bqJ973SzYnP%2b3IWFYE0%3d,1,2,3
VsNErnqFjJxZ3D8PWz7oyLcYr86rqGNtr2iU5N0vLWY=,Rumspringa,,"Virginville, Pennsylvania",,,Club,Men,https://play.usaultimate.org/teams/events/Eventteam/?TeamId=VsNErnqFjJxZ3D8PWz7oyLcYr86rqGNtr2iU5N0vLWY%3d,8,7,15
4lylcwYt7olYJ/dv1k/G+hu6hJeFRav+/faHj6Eb+N0=,San Antonio Warhawks,,"San Antonio, Texas",,,Club,Men,https://play.usaultimate.org/teams/events/Eventteam/?TeamId=4lylcwYt7olYJ%2fdv1k%2fG%2bhu6hJeFRav%2b%2ffaHj6Eb%2bN0%3d,4,6,11
NEGrtRdCdJO8ipAoJO5XW68p1c6XF96CDxfdpb3EMTc=,Sauce,,"SACRAMENTO, California",,,Club,Men,https://play.usaultimate.org/teams/events/Eventteam/?TeamId=NEGrtRdCdJO8ipAoJO5XW68p1c6XF96CDxfdpb3EMTc%3d,3,7,10
B6Cww09AGm8RkKEvLL9z28gpjal5jeUxRqeiII2r/Z8=,Sawtooth,,"Boise, Idaho",,,Club,Men,https://play.usaultimate.org/teams/events/Eventteam/?TeamId=B6Cww09AGm8RkKEvLL9z28gpjal5jeUxRqeiII2r%2fZ8%3d,12,9,21
E7vFUfPlhwIzL8qE9Q9NmZnsrBHLGCaI8H9+To32qQU=,Scooby Coupy COUP,,"Berkeley, California",,,Club,Men,https://play.usaultimate.org/teams/events/Eventteam/?TeamId=E7vFUfPlhwIzL8qE9Q9NmZnsrBHLGCaI8H9%2bTo32qQU%3d,4,3,7
GQPeYYezPM3XUe9ywR8hGe8gjwb+zPqP5vt/LzenyNI=,Scoop,,"Boston, Massachusetts",,,Club,Men,https://play.usaultimate.org/teams/events/Eventteam/?TeamId=GQPeYYezPM3XUe9ywR8hGe8gjwb%2bzPqP5vt%2fLzenyNI%3d,17,8,25
2gfdAsOpLs2P3shl07oIpC1cH3z7SibxTOyd1xuFMHg=,Scoop,,"Cleveland, Ohio",,,Club,Men,https://play.usaultimate.org/teams/events/Eventteam/?TeamId=2gfdAsOpLs2P3shl07oIpC1cH3z7SibxTOyd1xuFMHg%3d,10,15,25
K0rX09zV7hVKncnsMk5OXqb7Bu3KY1Z/1YmbUlfvMcU=,Scythe,,"Omaha, Nebraska",,,Club,Men,https://play.usaultimate.org/teams/events/Eventteam/?TeamId=K0rX09zV7hVKncnsMk5OXqb7Bu3KY1Z%2f1YmbUlfvMcU%3d,12,19,31
G0XGdTGjPcR24ESeVEzmLsbC562jTsZTRbya1tpSlzc=,Sebastopol Orchard,,"Sebastopol, California",,,Club,Men,https://play.usaultimate.org/teams/events/Eventteam/?TeamId=G0XGdTGjPcR24ESeVEzmLsbC562jTsZTRbya1tpSlzc%3d,5,7,12
LvRwvO5r5g/RMxw0uC325Fp3ITXOizzlRjct5CtdYXs=,Second Nature,,"Huntsville, Alabama",,,Club,Men,https://play.usaultimate.org/teams/events/Eventteam/?TeamId=LvRwvO5r5g%2fRMxw0uC325Fp3ITXOizzlRjct5CtdYXs%3d,10,7,17
1StX6KQ7H2CQik9Bgy6eCaWVbJWMFQnUk5N1ghnr2cU=,Seven Gills,,"Kirkland, Washington",,,Club,Men,https://play.usaultimate.org/teams/events/Eventteam/?TeamId=1StX6KQ7H2CQik9Bgy6eCaWVbJWMFQnUk5N1ghnr2cU%3d,7,21,28
0ibp983fR5rvV7fNVrMcpMkBRbBpy+qWVYlWCGg2r04=,Seven Hills Bx,,"Seattle, Washington",,,Club,Men,https://play.usaultimate.org/teams/events/Eventteam/?TeamId=0ibp983fR5rvV7fNVrMcpMkBRbBpy%2bqWVYlWCGg2r04%3d,5,1,6
HnAKsp5J5SJqIL6OaMnj5Sa6Fd5iA0MmN7dhgqE4W48=,Shade,,"Brooklyn, New York",,,Club,Men,https://play.usaultimate.org/teams/events/Eventteam/?TeamId=HnAKsp5J5SJqIL6OaMnj5Sa6Fd5iA0MmN7dhgqE4W48%3d,14,16,30
24COTy3CbInVYvScdYDns7PnkEm01agOsl98fdRZP1E=,Shenanigans,,"Bloomington, Indiana",,,Club,Men,https://play.usaultimate.org/teams/events/Eventteam/?TeamId=24COTy3CbInVYvScdYDns7PnkEm01agOsl98fdRZP1E%3d,2,4,6
ilKPMTNYJBdyDfwqTip6DpNoFIM7r1BDoR39McLWJlw=,Shift,,"Carol Stream, Illinois",,,Club,Men,https://play.usaultimate.org/teams/events/Eventteam/?TeamId=ilKPMTNYJBdyDfwqTip6DpNoFIM7r1BDoR39McLWJlw%3d,7,16,23
ikqIL63AqAwR1+NG0nx9gqiDbkL7hFbMC6BfvSHv4rk=,Shift Tryout/Practice,,"Carol Stream, Illinois",,,Club,Men,https://play.usaultimate.org/teams/events/Eventteam/?TeamId=ikqIL63AqAwR1%2bNG0nx9gqiDbkL7hFbMC6BfvSHv4rk%3d,0,0,0
k1VlQWBwntUGQNif1TRAb40T7YwzRwJhJurnZB07ILU=,Shrimp,,"Salt Lake, Utah",,,Club,Men,https://play.usaultimate.org/teams/events/Eventteam/?TeamId=k1VlQWBwntUGQNif1TRAb40T7YwzRwJhJurnZB07ILU%3d,10,7,17
6srMngats1qsy66rEIWYgpimgUlsnedYiCHiSp1NRAQ=,Shrimp Discs,,"San Antonio, Texas",,,Club,Men,https://play.usaultimate.org/teams/events/Eventteam/?TeamId=6srMngats1qsy66rEIWYgpimgUlsnedYiCHiSp1NRAQ%3d,0,0,0
0oVga7FJ2TXQRWJYcOQICyNiyaLxD6Itb6VjkU5UBWE=,Skeleton Squad,,"Needham, Massachusetts",,,Club,Men,https://play.usaultimate.org/teams/events/Eventteam/?TeamId=0oVga7FJ2TXQRWJYcOQICyNiyaLxD6Itb6VjkU5UBWE%3d,20,13,33
Gdk26UUkov+RQFP2rAfDba2RvIsoH5GQGZodJ0tCPc0=,Skipjack,,"San Diego, California",,,Club,Men,https://play.usaultimate.org/teams/events/Eventteam/?TeamId=Gdk26UUkov%2bRQFP2rAfDba2RvIsoH5GQGZodJ0tCPc0%3d,12,5,17
PQEkw5Yuq7Vh/t39YTCIO0fMmyTP3tO6PMehY6lBwec=,Smogborn,,"Pittsburgh, Pennsylvania",,,Club,Men,https://play.usaultimate.org/teams/events/Eventteam/?TeamId=PQEkw5Yuq7Vh%2ft39YTCIO0fMmyTP3tO6PMehY6lBwec%3d,6,7,13
pMiHYv3sWyO9iY/dzyh9tdTjTkX66q+wh9BQ/cnH2YY=,SoCal Condors,,"Calico, California",,,Club,Men,https://play.usaultimate.org/teams/events/Eventteam/?TeamId=pMiHYv3sWyO9iY%2fdzyh9tdTjTkX66q%2bwh9BQ%2fcnH2YY%3d,16,12,28
sNaY4A4P1UkGQuNCZybV47SwjMSsPw/wwfVM+rRakPY=,SoCal Condors Tryout 2025,,"San Diego, California",,,Club,Men,https://play.usaultimate.org/teams/events/Eventteam/?TeamId=sNaY4A4P1UkGQuNCZybV47SwjMSsPw%2fwwfVM%2brRakPY%3d,0,0,0
P3HVUgKhEtVTMsycaZW7+hMiZexfnGk84x2qsfkh2A8=,Sockeye,,"Seattle, Washington",,,Club,Men,https://play.usaultimate.org/teams/events/Eventteam/?TeamId=P3HVUgKhEtVTMsycaZW7%2bhMiZexfnGk84x2qsfkh2A8%3d,21,9,30
PgnP9pIc6gHjfcHlN2piqYFYU72bLS8QHPaFNeNxGEU=,Sonoran Dog,,"Tucson, Arizona",,,Club,Men,https://play.usaultimate.org/teams/events/Eventteam/?TeamId=PgnP9pIc6gHjfcHlN2piqYFYU72bLS8QHPaFNeNxGEU%3d,8,14,22
qetdugLF6mHsO0MeSqM7X3BoR+6W96vVBBMBtO/LYG8=,SOUF,,"Seattle , Washington",,,Club,Men,https://play.usaultimate.org/teams/events/Eventteam/?TeamId=qetdugLF6mHsO0MeSqM7X3BoR%2b6W96vVBBMBtO%2fLYG8%3d,20,7,27
uuPXboa1krUb55wzy65/ETQYWkwM1bGYikCFdqnve2I=,Southern Hospitality,,"Jackson, Mississippi",,,Club,Men,https://play.usaultimate.org/teams/events/Eventteam/?TeamId=uuPXboa1krUb55wzy65%2fETQYWkwM1bGYikCFdqnve2I%3d,5,13,18
9Njlp3R7eEobhKFFFWkPKvpJAn85mCUwK2eohe7CyWM=,Southern New Hampshire University,,"Manchester, New Hampshire",,,Club,Men,https://play.usaultimate.org/teams/events/Eventteam/?TeamId=9Njlp3R7eEobhKFFFWkPKvpJAn85mCUwK2eohe7CyWM%3d,1,5,6
GZlvQ3fjen9Iz1+Mbe2ULwhaT09DMwgbM1nDccZmy5o=,Sprawl,,"Dallas, Texas",,,Club,Men,https://play.usaultimate.org/teams/events/Eventteam/?TeamId=GZlvQ3fjen9Iz1%2bMbe2ULwhaT09DMwgbM1nDccZmy5o%3d,12,10,22
eIrCKos57n/sWS9ZgSeibQdErb2ouSsLyPA74eWU3qU=,Spring Break '93,,"Wethersfield, Connecticut",,,Club,Men,https://play.usaultimate.org/teams/events/Eventteam/?TeamId=eIrCKos57n%2fsWS9ZgSeibQdErb2ouSsLyPA74eWU3qU%3d,9,13,22
hJmlWYXllBdnKzB1uxv6FmjCm5xLBBrORldU3Q4GvwU=,Sprout,,"Amherst, Massachusetts",,,Club,Men,https://play.usaultimate.org/teams/events/Eventteam/?TeamId=hJmlWYXllBdnKzB1uxv6FmjCm5xLBBrORldU3Q4GvwU%3d,18,11,29
qw+KKaM4TM59TJ/NE2jaO+jdZZs9IikCSxR2zXt0U78=,STL Moonar,,"St. Louis, Missouri",,,Club,Men,https://play.usaultimate.org/teams/events/Eventteam/?TeamId=qw%2bKKaM4TM59TJ%2fNE2jaO%2bjdZZs9IikCSxR2zXt0U78%3d,9,14,23
/4zQpbWGtf6xt4m5uP1ohZsL03sHQu1hUBkPnfQC0yI=,Sub Zero,,"Minneapolis, Minnesota",,,Club,Men,https://play.usaultimate.org/teams/events/Eventteam/?TeamId=%2f4zQpbWGtf6xt4m5uP1ohZsL03sHQu1hUBkPnfQC0yI%3d,18,10,28
itcV3PvNGCmYqb6gF8ufjJtAwA482rt9Cq+MHuQ0JJE=,Sungho Moon,,"New Haven, Connecticut",,,Club,Men,https://play.usaultimate.org/teams/events/Eventteam/?TeamId=itcV3PvNGCmYqb6gF8ufjJtAwA482rt9Cq%2bMHuQ0JJE%3d,2,4,6
snh1g3V0M/T9XJ92JTtJ2WviWBV9SKfZND/lcjdPTpI=,SUPA FC,,"Stewartstown , Pennsylvania",,,Club,Men,https://play.usaultimate.org/teams/events/Eventteam/?TeamId=snh1g3V0M%2fT9XJ92JTtJ2WviWBV9SKfZND%2flcjdPTpI%3d,7,9,16
ZrP7ohOtyqOK7OOuMiPPnp+rDsbfsOo7XzmTbOyMdWM=,Supercell,,"Oklahoma City, Oklahoma",,,Club,Men,https://play.usaultimate.org/teams/events/Eventteam/?TeamId=ZrP7ohOtyqOK7OOuMiPPnp%2brDsbfsOo7XzmTbOyMdWM%3d,1,22,23
miTuHp+uxTg8kUUIUwpVtiU38HGNt8Of3RJWOrjrcIc=,Surf,,"Victoria, British Columbia CA",,,Club,Men,https://play.usaultimate.org/teams/events/Eventteam/?TeamId=miTuHp%2buxTg8kUUIUwpVtiU38HGNt8Of3RJWOrjrcIc%3d,4,2,6
s3V8ZWN3ttTq6+QqAwy/h1yvSRIWYex59tII2grXBr8=,Suspect,,"Toronto, Ontario CA",,,Club,Men,https://play.usaultimate.org/teams/events/Eventteam/?TeamId=s3V8ZWN3ttTq6%2bQqAwy%2fh1yvSRIWYex59tII2grXBr8%3d,9,5,15
hZ4y8RpGQOYjXJyZQ0HyxQxyY4M5ANU9VCvedl+KZOw=,Switchback,,"Seattle, Washington",,,Club,Men,https://play.usaultimate.org/teams/events/Eventteam/?TeamId=hZ4y8RpGQOYjXJyZQ0HyxQxyY4M5ANU9VCvedl%2bKZOw%3d,13,17,30
Ep6zQJmDx6f1U4PpMcPw/dLWW8akz3YXIM5gvcl8fmk=,Swordfish,,"Sacramento, California",,,Club,Men,https://play.usaultimate.org/teams/events/Eventteam/?TeamId=Ep6zQJmDx6f1U4PpMcPw%2fdLWW8akz3YXIM5gvcl8fmk%3d,11,17,28
YvOErYmyP0exDIzItqruZMxQ3OLXHbnJ5h32Z3MjrHc=,Tanasi,,"Tennessee, Tennessee",,,Club,Men,https://play.usaultimate.org/teams/events/Eventteam/?TeamId=YvOErYmyP0exDIzItqruZMxQ3OLXHbnJ5h32Z3MjrHc%3d,22,6,28
N21OKMnD9zsd/eLvBp48txyX3sOYf4QLdEKysg6htu4=,TBD,,"Burlington, Vermont",,,Club,Men,https://play.usaultimate.org/teams/events/Eventteam/?TeamId=N21OKMnD9zsd%2feLvBp48txyX3sOYf4QLdEKysg6htu4%3d,3,2,5
GVX+IgJsbLcn9mN/VTxH1EQmsr96SC76E3R90dJl+DY=,Tempe Tantrum,,"Tempe, Arizona",,,Club,Men,https://play.usaultimate.org/teams/events/Eventteam/?TeamId=GVX%2bIgJsbLcn9mN%2fVTxH1EQmsr96SC76E3R90dJl%2bDY%3d,2,8,10
FvuCHzcpVuF9YLsycwQ82iffUvrer8BxgHMXlM8aceA=,Tennessee Folklore,,"Knoxville, Tennessee",,,Club,Men,https://play.usaultimate.org/teams/events/Eventteam/?TeamId=FvuCHzcpVuF9YLsycwQ82iffUvrer8BxgHMXlM8aceA%3d,7,19,26
BKp0NVriRgjMTM5WOjk+hr0WBE+76mYoKc4oWlKdqeI=,Texas Duffy,,"College Station, Texas",,,Club,Men,https://play.usaultimate.org/teams/events/Eventteam/?TeamId=BKp0NVriRgjMTM5WOjk%2bhr0WBE%2b76mYoKc4oWlKdqeI%3d,10,14,24
W++eJ86BxvZFssLtAOsBdhtjEanpuRx3nkPjsTkP+Hg=,Texas Tea-A,,"Houston, Texas",,,Club,Men,https://play.usaultimate.org/teams/events/Eventteam/?TeamId=W%2b%2beJ86BxvZFssLtAOsBdhtjEanpuRx3nkPjsTkP%2bHg%3d,17,14,32
c496PmwJG3nhf/VHltT6AXmi9m3WAvh7XUpbNubUcio=,The Incline,,"Colorado Springs, Colorado",,,Club,Men,https://play.usaultimate.org/teams/events/Eventteam/?TeamId=c496PmwJG3nhf%2fVHltT6AXmi9m3WAvh7XUpbNubUcio%3d,9,16,25
LNQKzASTcpb/6deOSuu6HFwTMWpu5IsMvM01JpEST6c=,Timber,,"Stevens Point & Fox Cities, Wisconsin",,,Club,Men,https://play.usaultimate.org/teams/events/Eventteam/?TeamId=LNQKzASTcpb%2f6deOSuu6HFwTMWpu5IsMvM01JpEST6c%3d,7,15,22
4Jwf1EOEvxdT63RiOqHiuj57LqkS7t0CxqPkUQXHbcY=,Touch of Grey,,"Asheville, North Carolina",,,Club,Men,https://play.usaultimate.org/teams/events/Eventteam/?TeamId=4Jwf1EOEvxdT63RiOqHiuj57LqkS7t0CxqPkUQXHbcY%3d,0,0,0
AzKkTCKPBMDPSwplQ16MEvA96N0brvTMcK2Xhs9tEQI=,Town Hall Stars,,"College Park, Maryland",,,Club,Men,https://play.usaultimate.org/teams/events/Eventteam/?TeamId=AzKkTCKPBMDPSwplQ16MEvA96N0brvTMcK2Xhs9tEQI%3d,20,12,32
pmdsHO15p0MzEr9atFArNjSiFKfUm0fWbC2ZR82Cgc8=,Trident,,"Chicago, Illinois",,,Club,Men,https://play.usaultimate.org/teams/events/Eventteam/?TeamId=pmdsHO15p0MzEr9atFArNjSiFKfUm0fWbC2ZR82Cgc8%3d,19,10,29
zLlJIMUWYTfvMBTEIkWQ+bLr0DQjV5N7EYrNUI6Kqtw=,Triumph,,"Morrisville, North Carolina",,,Club,Men,https://play.usaultimate.org/teams/events/Eventteam/?TeamId=zLlJIMUWYTfvMBTEIkWQ%2bbLr0DQjV5N7EYrNUI6Kqtw%3d,20,9,30
gyAGvjPU8pM7j1Pn4FLujs1oFsk4+2Tv4cufixQBu9Q=,Truck Stop,,"Washington, District of Columbia",,,Club,Men,https://play.usaultimate.org/teams/events/Eventteam/?TeamId=gyAGvjPU8pM7j1Pn4FLujs1oFsk4%2b2Tv4cufixQBu9Q%3d,20,13,33
2Ck91iOnBbRFOoa7qJQUSlitUKm+HJl47W9MZeaNrus=,Tugboat,,"Denver, Colorado",,,Club,Men,https://play.usaultimate.org/teams/events/Eventteam/?TeamId=2Ck91iOnBbRFOoa7qJQUSlitUKm%2bHJl47W9MZeaNrus%3d,11,8,19
YfGddBfCRIztzLOkVd/8933ErtwP+z3mNOjwlv81RZk=,Two-Headed Goose,,"Atlanta, Georgia",,,Club,Men,https://play.usaultimate.org/teams/events/Eventteam/?TeamId=YfGddBfCRIztzLOkVd%2f8933ErtwP%2bz3mNOjwlv81RZk%3d,8,8,16
XqdGwfIbtrclLFldzd3fi/wvfRHwRUr7FrGsuuoMoBg=,U54,,"Champaign, Illinois",,,Club,Men,https://play.usaultimate.org/teams/events/Eventteam/?TeamId=XqdGwfIbtrclLFldzd3fi%2fwvfRHwRUr7FrGsuuoMoBg%3d,1,5,6
Z60OTN3tzR7Iew1QyMEbNV+xYJNDlAPojeuJuKqSv2Y=,Ultimate Friends,,"Kansas City, Missouri",,,Club,Men,https://play.usaultimate.org/teams/events/Eventteam/?TeamId=Z60OTN3tzR7Iew1QyMEbNV%2bxYJNDlAPojeuJuKqSv2Y%3d,2,4,6
P9LbpW+bKVKkAEpapwM9s671uuDj+NA9mDqdNqlaSsA=,Unrestricted Free Agents,,"San Luis Obispo, California",,,Club,Men,https://play.usaultimate.org/teams/events/Eventteam/?TeamId=P9LbpW%2bbKVKkAEpapwM9s671uuDj%2bNA9mDqdNqlaSsA%3d,11,7,18
Iv7Os0o4Yer3YWrKQfyJ3WJnIzn5seRilesxQyslWO8=,UpRoar,,"Tampa Bay, Florida",,,Club,Men,https://play.usaultimate.org/teams/events/Eventteam/?TeamId=Iv7Os0o4Yer3YWrKQfyJ3WJnIzn5seRilesxQyslWO8%3d,13,20,33
jbFguNfflUHffs+2jS21tKCZgNK8BieETTGT138IL2k=,Uptown Local X,,"New York, New York",,,Club,Men,https://play.usaultimate.org/teams/events/Eventteam/?TeamId=jbFguNfflUHffs%2b2jS21tKCZgNK8BieETTGT138IL2k%3d,2,4,6
aT6bceLX1gy8nPegOrneu1eC7LmQV0nfUOwem3MNfrg=,Uptown Local Y,,"New York, New York",,,Club,Men,https://play.usaultimate.org/teams/events/Eventteam/?TeamId=aT6bceLX1gy8nPegOrneu1eC7LmQV0nfUOwem3MNfrg%3d,3,4,7
pmLFMxYmvSx56kkzRKNtTeYh7XgdUZKAjXIZRcP/nOc=,Vault,,"Hampton, Virginia",,,Club,Men,https://play.usaultimate.org/teams/events/Eventteam/?TeamId=pmLFMxYmvSx56kkzRKNtTeYh7XgdUZKAjXIZRcP%2fnOc%3d,19,9,28
bUgKrnfp1TVfladxHKMT0ZIqQVUzgiX3erV5QtOFTN0=,Vicious Cycle,,"Gainesville, Florida",,,Club,Men,https://play.usaultimate.org/teams/events/Eventteam/?TeamId=bUgKrnfp1TVfladxHKMT0ZIqQVUzgiX3erV5QtOFTN0%3d,8,8,16
XL1S4Oq7WTkI5zef2p5Ym8uLLqtcz50Vt8Az3RJ7jnw=,washed,,"Denver, Colorado",,,Club,Men,https://play.usaultimate.org/teams/events/Eventteam/?TeamId=XL1S4Oq7WTkI5zef2p5Ym8uLLqtcz50Vt8Az3RJ7jnw%3d,14,3,17
vspuNF9ADiVm29kiUlui+d2oOzUG8FeDfoSDXvB7/fQ=,Wavestorms,,"Santa Cruz, California",,,Club,Men,https://play.usaultimate.org/teams/events/Eventteam/?TeamId=vspuNF9ADiVm29kiUlui%2bd2oOzUG8FeDfoSDXvB7%2ffQ%3d,20,9,29
uGTel6kwgzKMXk+LDAmtvua/kcwQ/A0UDFQZYp17EQg=,Wham,,"Williamsport, Pennsylvania",,,Club,Men,https://play.usaultimate.org/teams/events/Eventteam/?TeamId=uGTel6kwgzKMXk%2bLDAmtvua%2fkcwQ%2fA0UDFQZYp17EQg%3d,0,0,0
K2kjh0I6lpR2Ux/1vgfFTX34A98q4Uc6cV/lPnT6sho=,Winc City Fog,,"Winchester, Virginia",,,Club,Men,https://play.usaultimate.org/teams/events/Eventteam/?TeamId=K2kjh0I6lpR2Ux%2f1vgfFTX34A98q4Uc6cV%2flPnT6sho%3d,10,11,21
2oAIncrZKeHqBCs8DowsDHGo8NkR/wErWxltA062pcw=,WOMP,,"Centennial Park, Tennessee",,,Club,Men,https://play.usaultimate.org/teams/events/Eventteam/?TeamId=2oAIncrZKeHqBCs8DowsDHGo8NkR%2fwErWxltA062pcw%3d,23,10,33
pdoqtNlx513XtfuTOLxbiX4e85L6FvInf7d97sx1YXY=,Wooder,,"Wallingford, Pennsylvania",,,Club,Men,https://play.usaultimate.org/teams/events/Eventteam/?TeamId=pdoqtNlx513XtfuTOLxbiX4e85L6FvInf7d97sx1YXY%3d,0,2,2
yXUEhSUjjWelIQFoP2heQkVGxrUJmRjUdnVc8/FiPLE=,Wretched Refuse,,"Lehi, Utah",,,Club,Men,https://play.usaultimate.org/teams/events/Eventteam/?TeamId=yXUEhSUjjWelIQFoP2heQkVGxrUJmRjUdnVc8%2fFiPLE%3d,13,9,22
XkrfovelBDqCQqNqBnYtfA5bWkUngw4BmVDDf+xqrk0=,X Wives-A,,"Salt Lake City, Utah",,,Club,Men,https://play.usaultimate.org/teams/events/Eventteam/?TeamId=XkrfovelBDqCQqNqBnYtfA5bWkUngw4BmVDDf%2bxqrk0%3d,11,11,22
vob71AQvaF5mO1bbm/ty/TRybWn0G6CmW1AJpqAYQto=,Yacht Club,,"NEWPORT NEWS, Virginia",,,Club,Men,https://play.usaultimate.org/teams/events/Eventteam/?TeamId=vob71AQvaF5mO1bbm%2fty%2fTRybWn0G6CmW1AJpqAYQto%3d,2,5,7
YVD08QM3OcxjkZ3NHGFxEBzfPFxGHF5AQnJ50RnHFjk=,Yew Nork Yew Nork,,"Brooklyn, New York",,,Club,Men,https://play.usaultimate.org/teams/events/Eventteam/?TeamId=YVD08QM3OcxjkZ3NHGFxEBzfPFxGHF5AQnJ50RnHFjk%3d,4,3,7
+qqehUtVzKko/Zl13PbPrt8UeMUq6CrbxiPGV5C4/0I=,Zoboomafoo,,"Madison, Wisconsin",,,Club,Men,https://play.usaultimate.org/teams/events/Eventteam/?TeamId=%2bqqehUtVzKko%2fZl13PbPrt8UeMUq6CrbxiPGV5C4%2f0I%3d,19,11,31
qswmZWEKxwHMN/nrXyOl50/rFAD2jawBE/pvaHVBfDU=,Zombie Tidal Wave,,"Provo, UT, Utah",,,Club,Men,https://play.usaultimate.org/teams/events/Eventteam/?TeamId=qswmZWEKxwHMN%2fnrXyOl50%2frFAD2jawBE%2fpvaHVBfDU%3d,0,4,4
JT3REE4FWGv8glHbJ669myZ1QPmvFpi4ccRN1p3pSW4=,Zoo Animals,,"Kalamazoo, Michigan",,,Club,Men,https://play.usaultimate.org/teams/events/Eventteam/?TeamId=JT3REE4FWGv8glHbJ669myZ1QPmvFpi4ccRN1p3pSW4%3d,5,10,15
coWsl4wWm+K4ayFOoFpVsniltRJ2SyA+HFYVD1poI+g=,Zyzzyva,,"Berkeley, California",,,Club,Men,https://play.usaultimate.org/teams/events/Eventteam/?TeamId=coWsl4wWm%2bK4ayFOoFpVsniltRJ2SyA%2bHFYVD1poI%2bg%3d,11,12,23
